-- phpMyAdmin SQL Dump
-- version 5.1.1deb5ubuntu1
-- https://www.phpmyadmin.net/
--
-- Hôte : localhost:3306
-- Généré le : ven. 06 juin 2025 à 23:38
-- Version du serveur : 8.0.42-0ubuntu0.22.04.1
-- Version de PHP : 8.2.28

SET SQL_MODE = "NO_AUTO_VALUE_ON_ZERO";
START TRANSACTION;
SET time_zone = "+00:00";


/*!40101 SET @OLD_CHARACTER_SET_CLIENT=@@CHARACTER_SET_CLIENT */;
/*!40101 SET @OLD_CHARACTER_SET_RESULTS=@@CHARACTER_SET_RESULTS */;
/*!40101 SET @OLD_COLLATION_CONNECTION=@@COLLATION_CONNECTION */;
/*!40101 SET NAMES utf8mb4 */;

--
-- Base de données : `demo_calipso`
--

-- --------------------------------------------------------

--
-- Structure de la table `bills`
--

CREATE TABLE `bills` (
  `id` int NOT NULL,
  `company_id` int NOT NULL,
  `employee_id` int DEFAULT NULL,
  `client_name` varchar(150) NOT NULL,
  `client_character_id` int NOT NULL,
  `reason` varchar(1000) NOT NULL,
  `amount` int NOT NULL,
  `bill_id` int NOT NULL,
  `is_paid` tinyint(1) NOT NULL,
  `date` datetime NOT NULL DEFAULT CURRENT_TIMESTAMP
) ENGINE=InnoDB DEFAULT CHARSET=utf8mb4 COLLATE=utf8mb4_0900_ai_ci;

--
-- Déchargement des données de la table `bills`
--

INSERT INTO `bills` (`id`, `company_id`, `employee_id`, `client_name`, `client_character_id`, `reason`, `amount`, `bill_id`, `is_paid`, `date`) VALUES
(13, 1, 73, 'Grace Spencer', 98169, '1 foret 1 grosses perceuses', 763, 1137857, 1, '2025-05-17 21:29:47'),
(15, 1, 73, 'Pride Marcus', 98228, '1 porte feuille', 10, 1138130, 1, '2025-05-18 00:02:39'),
(16, 1, 73, 'Arris Tiago', 96625, '1 canne a peche 5 appats', 110, 1138141, 1, '2025-05-18 00:03:02'),
(18, 1, 73, 'Arris Tiago', 96625, '75 appats', 750, 1138156, 1, '2025-05-18 00:10:26'),
(19, 1, 73, 'Arris Tiago', 96625, '75 appats', 750, 1138157, 1, '2025-05-18 00:10:28'),
(20, 1, 73, 'Arris Tiago', 96625, '45 appats', 450, 1138159, 1, '2025-05-18 00:10:29'),
(21, 1, 73, 'Wiley Kurtys', 87637, '1 menu classique', 100, 1138163, 1, '2025-05-18 00:10:48'),
(22, 1, 73, 'Isaiah Smith', 97161, '3 menu classique', 300, 1138165, 1, '2025-05-18 00:10:56'),
(23, 1, 73, 'Dasilva Nino', 97806, '1 foret', 750, 1138220, 1, '2025-05-18 00:13:58'),
(24, 1, 73, 'Jackson Hills', 97811, '1 porte feuille', 10, 1138225, 1, '2025-05-18 00:14:10'),
(25, 1, 73, 'Jackson Hills', 97811, '1 porte feuille', 10, 1138228, 1, '2025-05-18 00:14:13'),
(26, 1, 73, 'Carillo Adrian', 96230, '1 porte feuille', 10, 1138253, 1, '2025-05-18 00:15:07'),
(27, 1, 73, 'wilson scotties', 21884, '2 menu classique', 200, 1138261, 1, '2025-05-18 00:15:19'),
(28, 1, 73, 'Assin Marc', 74291, '50 pot', 500, 1138269, 1, '2025-05-18 00:15:40'),
(29, 1, 73, 'Assin Marc', 74291, '50 ferti', 500, 1138271, 1, '2025-05-18 00:15:42'),
(30, 1, 73, 'Assin Marc', 74291, '75 eau', 750, 1138273, 1, '2025-05-18 00:15:44'),
(32, 1, 73, 'Assin Marc', 74291, '25 eau', 250, 1138280, 1, '2025-05-18 00:15:52'),
(33, 1, 73, 'Assin Marc', 74291, '50 eau', 500, 1138281, 1, '2025-05-18 00:15:53'),
(34, 1, 73, 'Larry Atkyns', 95914, '1 foret', 750, 1138294, 1, '2025-05-18 00:16:19'),
(35, 1, 73, 'Larry Atkyns', 95914, '1 foret', 750, 1138295, 1, '2025-05-18 00:16:21'),
(36, 1, 73, 'Larry Atkyns', 95914, '1 grosses perceuses', 13, 1138298, 1, '2025-05-18 00:16:24'),
(37, 1, 103, 'Jason Déontay-jackson', 88892, 'SKATE', 90, 1138351, 1, '2025-05-18 00:28:50'),
(38, 1, 107, 'Tony Hoxton', 98335, '1x Skate', 95, 1138380, 1, '2025-05-18 00:30:33'),
(39, 1, 107, 'Jefferson Marcus', 94111, '4x Menu Gourmand', 520, 1138473, 1, '2025-05-18 00:49:15'),
(40, 1, 73, 'Jacob Pilolou', 98152, '1 skate', 95, 1139691, 1, '2025-05-18 21:18:38'),
(41, 1, 73, 'Saidou Idriss', 98391, '1 skate', 95, 1139733, 1, '2025-05-18 21:28:58'),
(42, 1, 73, 'Mark Syx', 98113, '1 canne a peche', 60, 1139736, 1, '2025-05-18 21:35:51'),
(43, 1, 137, 'Asad Diaz', 97790, 'Foret de perceuse', 750, 1139976, 1, '2025-05-18 21:53:12'),
(44, 1, 137, 'Miller Hella', 96695, '1 pot de fleur', 10, 1139992, 1, '2025-05-18 21:53:51'),
(45, 1, 137, 'Carter Isaac', 69386, '200 Bouteilles d\'eau', 2000, 1139999, 1, '2025-05-18 21:54:01'),
(46, 1, 137, 'Polat Bakary', 81129, '10 Bac à jardinage', 180, 1140095, 1, '2025-05-18 21:58:01'),
(47, 1, 137, 'Blanco Nieve', 30916, '27 pot de fleur', 270, 1140133, 1, '2025-05-18 21:59:46'),
(48, 1, 137, 'Blanco Nieve', 30916, '27 Fertilisants', 270, 1140137, 1, '2025-05-18 21:59:49'),
(49, 1, 137, 'Blanco Nieve', 30916, '30 sachets', 50, 1140150, 1, '2025-05-18 22:00:08'),
(50, 1, 137, 'Laroche Pierre', 93381, '1 Menu', 100, 1140222, 1, '2025-05-18 22:03:18'),
(51, 1, 137, 'Laroche Pierre', 93381, '10 appats', 100, 1140227, 1, '2025-05-18 22:03:24'),
(52, 1, 137, 'Laroche Pierre', 93381, '1 canne à pêche', 60, 1140230, 1, '2025-05-18 22:03:29'),
(53, 1, 137, 'Rodriges Ben', 20425, '1 Menu', 100, 1140264, 1, '2025-05-18 22:04:25'),
(54, 1, 137, 'Tommy Flop', 95486, '1 Menu', 100, 1140272, 1, '2025-05-18 22:04:37'),
(55, 1, 137, 'Tommy Flop', 95486, '1 Menu', 100, 1140278, 1, '2025-05-18 22:04:51'),
(56, 1, 137, 'Rallen Piercen', 88905, '1 Porte feuille', 10, 1140432, 1, '2025-05-18 22:12:45'),
(57, 1, 137, 'Cruz Kai', 97971, '1 Porte feuille', 10, 1140444, 1, '2025-05-18 22:13:26'),
(58, 1, 137, 'Cruz Kai', 97971, '1 Grosse perçeuse', 13, 1140447, 1, '2025-05-18 22:13:29'),
(59, 1, 137, 'Mejia Alvaro', 81859, '1 menu', 100, 1140664, 1, '2025-05-18 22:48:09'),
(60, 1, 137, 'Broas Nesquik', 94762, '1 Menue Gourmant', 130, 1140692, 1, '2025-05-18 22:48:56'),
(61, 1, 137, 'Broas Nesquik', 94762, '5 Bac de jardinage', 90, 1140697, 1, '2025-05-18 22:49:11'),
(62, 1, 137, 'Tom Roxfield', 90375, '1 menu gourmant', 130, 1140739, 0, '2025-05-18 22:50:38'),
(63, 1, 137, 'Tom Roxfield', 90375, '1 Menu gourmant', 130, 1140741, 0, '2025-05-18 22:50:42'),
(64, 1, 137, 'Blackwood Sullivan', 98437, '1 Menu', 100, 1140752, 1, '2025-05-18 22:50:57'),
(65, 1, 137, 'Carter Douglas', 98369, '5 Menus', 500, 1140755, 1, '2025-05-18 22:51:05'),
(66, 1, 137, 'Charles Coppola', 98359, '3 Menus', 300, 1140757, 1, '2025-05-18 22:51:16'),
(67, 1, 137, 'Keyton Zed', 95038, '2 Menus', 200, 1140761, 1, '2025-05-18 22:51:23'),
(68, 1, 137, 'Vin Denzel', 38093, '1 Canne à pêche', 60, 1140786, 1, '2025-05-18 22:52:36'),
(69, 1, 137, 'Vin Denzel', 38093, '30 Appâts', 300, 1140790, 1, '2025-05-18 22:52:46'),
(70, 1, 137, 'Vin Denzel', 38093, '3 Menus gourmants', 390, 1140792, 0, '2025-05-18 22:52:50'),
(71, 1, 137, 'Laroche Pierre', 93381, '1 foret de perçeuse', 750, 1140807, 1, '2025-05-18 22:53:56'),
(72, 1, 137, 'Booker Zack', 92657, '2 bouteilles d\'oxygène', 1400, 1140817, 1, '2025-05-18 22:54:10'),
(73, 1, 137, 'Hills Deavon', 97610, '10 coca', 30, 1140836, 1, '2025-05-18 22:54:49'),
(74, 1, 137, 'Carter James', 86565, '2 Menus', 200, 1140858, 1, '2025-05-18 22:55:30'),
(75, 1, 137, 'Carter James', 86565, '80 Appâts', 800, 1140863, 1, '2025-05-18 22:55:38'),
(76, 1, 137, 'Carter James', 86565, '2 ticket à gratter', 50, 1140867, 1, '2025-05-18 22:55:45'),
(77, 1, 137, 'Lumumba Baziou', 98307, '1 porte feuille', 10, 1140935, 1, '2025-05-18 22:58:05'),
(78, 1, 126, 'Dane Addison', 95310, '1 fôret', 750, 1116478, 1, '2025-05-18 23:36:01'),
(79, 1, 141, 'Rivera Alejandro', 97073, '1 skate', 95, 1142394, 1, '2025-05-19 14:39:22'),
(80, 1, 141, 'Rivero Rivera', 95640, '30 bouteille d\'eau', 300, 1142395, 1, '2025-05-19 14:41:45'),
(81, 1, 141, 'Rivero Rivera', 95640, '10 pot', 100, 1142396, 1, '2025-05-19 14:42:22'),
(82, 1, 141, 'Rivero Rivera', 95640, '10 ferti', 100, 1142397, 1, '2025-05-19 14:42:47'),
(83, 1, 141, 'Rivero Rivera', 95640, '10 terre', 140, 1142398, 1, '2025-05-19 14:43:15'),
(84, 1, 141, 'Charles Coppola', 98359, '4 menu classique', 400, 1142401, 1, '2025-05-19 14:44:10'),
(85, 1, 141, 'Charles Coppola', 98359, '4 ticket a gratter', 100, 1142402, 1, '2025-05-19 14:44:29'),
(86, 1, 141, 'Keyton Zed', 95038, '2 menu classique', 100, 1142403, 1, '2025-05-19 14:45:23'),
(87, 1, 141, 'Keyton Zed', 95038, '2 menu classique', 100, 1142404, 1, '2025-05-19 14:45:57'),
(88, 1, 141, 'Blackwood Sullivan', 98437, '2 menu classique', 200, 1142407, 1, '2025-05-19 14:46:45'),
(89, 1, 141, 'Carter Isaac', 69386, '100 pot', 1000, 1142415, 1, '2025-05-19 14:52:20'),
(90, 1, 141, 'Carter Isaac', 69386, '100 ferti', 1000, 1142419, 1, '2025-05-19 14:53:11'),
(91, 1, 141, 'Carter Isaac', 69386, '50 lumières', 900, 1142421, 1, '2025-05-19 14:54:39'),
(92, 1, 141, 'Carter Isaac', 69386, '10 bac', 180, 1142423, 1, '2025-05-19 14:55:18'),
(93, 1, 141, 'Kael Matilla', 96607, '10 menu gourmand', 1300, 1142428, 1, '2025-05-19 15:09:07'),
(94, 1, 141, 'Do santos Fabio', 78540, '400 appat', 4000, 1142473, 1, '2025-05-19 15:40:34'),
(95, 1, 141, 'Hills Deavon', 97610, '1 portefeuille', 10, 1142479, 1, '2025-05-19 15:44:22'),
(96, 1, 141, 'Hills Deavon', 97610, '1 trousseau', 95, 1142481, 1, '2025-05-19 15:44:57'),
(97, 1, 141, 'Hills Deavon', 97610, '1 porte document', 10, 1142482, 1, '2025-05-19 15:45:24'),
(98, 1, 140, 'Hills Deavon', 97610, '3 MENUS GOURMANDS', 390, 1142532, 1, '2025-05-19 16:23:12'),
(99, 1, 140, 'Naiqama Jimmy', 98105, '2 MENUS GOURMANDS', 260, 1142537, 1, '2025-05-19 16:27:34'),
(100, 1, 141, 'Tony Hoxton', 98335, '2 menu gourmand', 260, 1142545, 1, '2025-05-19 16:32:29'),
(101, 1, 140, 'Knox James', 8754, '1 MENU GOURMAND', 130, 1142546, 1, '2025-05-19 16:32:59'),
(102, 1, 140, 'Amari Davis', 97614, '2 MENUS CLASSIQUES', 200, 1142553, 1, '2025-05-19 16:37:09'),
(103, 1, 140, 'Hills Sully', 83855, '330 SACHETS VIDES', 1650, 1142569, 1, '2025-05-19 16:44:26'),
(104, 1, 140, 'Saidou Mahrez Abdoul Karim', 92535, '1 MENU CLASSIQUE', 100, 1142580, 1, '2025-05-19 16:48:00'),
(105, 1, 137, 'Daniels Kurtis', 95434, '10 bouteilles d\'eau', 100, 1142643, 1, '2025-05-19 17:07:37'),
(106, 1, 137, 'Daniels Kurtis', 95434, '2 tickets à gratter', 50, 1142646, 1, '2025-05-19 17:07:55'),
(107, 1, 137, 'Miller Tyler', 82707, '36 fertilisants', 360, 1142680, 1, '2025-05-19 17:19:01'),
(108, 1, 137, 'Carter Malik', 88496, '300 sachets vide', 1500, 1142734, 1, '2025-05-19 17:40:44'),
(109, 1, 137, 'Mendoza Charlie', 23832, '5 Porte document', 50, 1142754, 1, '2025-05-19 17:49:55'),
(110, 1, 137, 'Langford Silas', 97747, '5 menus gourmant', 650, 1142763, 1, '2025-05-19 17:54:40'),
(111, 1, 137, 'Mango Tony', 98021, '30 appats', 300, 1142770, 1, '2025-05-19 18:04:44'),
(112, 1, 137, 'Clodo Carlito', 97960, '40 appats', 400, 1142775, 1, '2025-05-19 18:05:09'),
(113, 1, 137, 'Sakamoto Kaito', 98487, '1 trousseau de clé', 95, 1142802, 1, '2025-05-19 18:15:11'),
(114, 1, 137, 'Skana Adrian', 98448, '1 porte feuille', 10, 1142805, 1, '2025-05-19 18:15:37'),
(115, 1, 137, 'Skana Adrian', 98448, '1 porte clé', 95, 1142806, 1, '2025-05-19 18:15:40'),
(116, 1, 137, 'Adam Roy', 98389, '2 bouteilles d\'eau', 20, 1142812, 1, '2025-05-19 18:15:53'),
(117, 1, 137, 'Beyrone James', 96691, '1 Menu', 100, 1142815, 1, '2025-05-19 18:16:00'),
(118, 1, 137, 'Beyrone James', 96691, '1 porte clé', 95, 1142817, 1, '2025-05-19 18:16:02'),
(119, 1, 137, 'Naiqama Jimmy', 98105, '2 Menu gourmant', 260, 1142824, 1, '2025-05-19 18:16:18'),
(120, 1, 137, 'Mendoza Hector', 92122, '10 grosses perceuses', 130, 1142841, 1, '2025-05-19 18:17:24'),
(122, 1, 137, 'Emilio Colombo', 73342, '2 forets', 1400, 1142852, 1, '2025-05-19 18:22:12'),
(123, 1, 73, 'Vargas Osvaldo', 59807, '400 Pochon vide', 2000, 1143161, 1, '2025-05-19 20:10:17'),
(124, 1, 73, 'Mckenzie Lance', 98508, '2 boteille d\'eau + 2 coca', 30, 1143171, 1, '2025-05-19 20:13:41'),
(125, 1, 73, 'Castillo Louise', 98511, '10 ticket a gratter', 250, 1143177, 1, '2025-05-19 20:14:27'),
(126, 1, 73, 'Rivero Rivera', 95640, '1 bac de jardinage + 1 pot', 28, 1143182, 1, '2025-05-19 20:17:00'),
(127, 1, 73, 'Carter Bishop', 93838, 'Bombe de tag', 1950, 1143187, 1, '2025-05-19 20:18:50'),
(128, 1, 73, 'Rivera Jouan', 97075, 'skateboard', 95, 1143189, 1, '2025-05-19 20:19:25'),
(129, 1, 73, 'Sanchez Leto', 98073, '3 menu classique', 300, 1143190, 1, '2025-05-19 20:20:55'),
(130, 1, 73, 'Sanchez Juan', 98072, 'Foret', 750, 1143194, 1, '2025-05-19 20:21:39'),
(131, 1, 73, 'Sanchez Juan', 98072, '3 menu classique + 1 perceuse', 313, 1143200, 1, '2025-05-19 20:22:34'),
(132, 1, 73, 'Garcia-rodriguez Tiago', 88380, 'Porte document', 10, 1143272, 1, '2025-05-19 20:39:50'),
(133, 1, 73, 'Lorio Gonzales', 96567, '2 foret + 1 grosse perceuse', 1513, 1143310, 1, '2025-05-19 20:47:52'),
(134, 1, 73, 'Carter Malik', 88496, '60 Pochon vide', 300, 1143311, 1, '2025-05-19 20:48:59'),
(135, 1, 73, 'Herrera Santiago', 93429, '5 ferti + 13 bouteille d\'eau', 180, 1143324, 1, '2025-05-19 20:53:06'),
(136, 1, 73, 'Adam Roy', 98389, '2 menu classique', 200, 1143343, 1, '2025-05-19 20:57:47'),
(137, 1, 73, 'Rivero Rivera', 95640, '100 Pochon vide', 500, 1143377, 1, '2025-05-19 21:04:48'),
(138, 1, 73, 'Abdoul Djibril', 18928, '150 Pochon vide', 750, 1143390, 1, '2025-05-19 21:07:01'),
(139, 1, 73, 'Abdoul Djibril', 18928, '150 Pochon vide', 750, 1143391, 1, '2025-05-19 21:07:12'),
(140, 1, 73, 'Abdoul Djibril', 18928, '100 Pochon vide', 500, 1143393, 1, '2025-05-19 21:07:29'),
(141, 1, 73, 'Gusar Junior', 86201, '100 Pochon vide', 500, 1143398, 1, '2025-05-19 21:07:55'),
(142, 1, 73, 'Alvarez Michael', 75122, '1 Menu classique', 100, 1143423, 1, '2025-05-19 21:12:16'),
(143, 1, 73, 'Carla Alvarez', 98464, '2 Menu classique', 200, 1143427, 1, '2025-05-19 21:12:28'),
(145, 1, 73, 'Williams Jeffrey', 85145, '250 proteine vegan', 750, 1143456, 1, '2025-05-19 21:17:26'),
(146, 1, 73, 'Williams Jeffrey', 85145, '230 Proteine vegan', 690, 1143461, 1, '2025-05-19 21:18:08'),
(148, 1, 73, 'Jackson Dave', 98236, '2 Menu classique', 200, 1143471, 1, '2025-05-19 21:19:52'),
(149, 1, 73, 'Wilson Bully', 98157, '1 foret', 750, 1143509, 1, '2025-05-19 21:26:28'),
(150, 1, 73, 'Wilson Bully', 98157, '1 foret', 750, 1143513, 1, '2025-05-19 21:26:46'),
(151, 1, 73, 'Jackson Ashwood', 92544, '1 foret', 750, 1143516, 1, '2025-05-19 21:27:05'),
(152, 1, 73, 'Sanchez Juan', 98072, '1 foret', 750, 1143533, 1, '2025-05-19 21:30:11'),
(153, 1, 73, 'Sanchez Juan', 98072, '1 grosse perceuse', 13, 1143536, 1, '2025-05-19 21:30:35'),
(155, 1, 73, 'Hobson Jordan', 90300, '1 Menu classique', 100, 1143549, 1, '2025-05-19 21:33:48'),
(156, 1, 73, 'Tao- Ming', 86714, '1 foret', 750, 1143576, 1, '2025-05-19 21:40:31'),
(157, 1, 73, 'Tao- Ming', 86714, '5 Menu Gourmand', 650, 1143581, 1, '2025-05-19 21:41:23'),
(158, 1, 73, 'Blanka Chris', 66886, '2 Menu classique', 200, 1143590, 1, '2025-05-19 21:43:38'),
(159, 1, 73, 'Reyes Emilio', 95193, '25 appat + 2 canne à pêche', 370, 1143597, 1, '2025-05-19 21:45:12'),
(160, 1, 73, 'Camejo Yaci', 97474, '2 Menu classique', 200, 1143648, 1, '2025-05-19 21:57:12'),
(161, 1, 73, 'Quintero Tiziano', 95544, '1 porte feuille + 1 trousseau', 105, 1143666, 1, '2025-05-19 22:00:47'),
(162, 1, 73, 'Sanchez Leto', 98073, '1 foret', 750, 1143713, 1, '2025-05-19 22:13:59'),
(163, 1, 73, 'Marcus Vares', 83881, '1 Menu gourmand', 130, 1143716, 1, '2025-05-19 22:14:53'),
(164, 1, 73, 'Dembele Ziko', 98542, '1 Menu Gourmand', 130, 1143718, 1, '2025-05-19 22:15:24'),
(165, 1, 73, 'Moreno Esmée', 98427, '1 Menu Classique', 100, 1143723, 1, '2025-05-19 22:16:18'),
(166, 1, 73, 'Maoni Laoni', 86234, '75 appat', 750, 1143732, 1, '2025-05-19 22:18:28'),
(167, 1, 73, 'Maoni Laoni', 86234, '75 appat', 750, 1143734, 1, '2025-05-19 22:18:42'),
(168, 1, 73, 'Maoni Laoni', 86234, '50', 500, 1143735, 1, '2025-05-19 22:18:52'),
(169, 1, 73, 'Mizushima Kaï', 97729, '1 portefeuille + 1 trousseau', 105, 1143754, 1, '2025-05-19 22:24:22'),
(170, 1, 73, 'Brown Jimmy', 97596, '1 foret', 750, 1143819, 1, '2025-05-19 22:36:53'),
(171, 1, 73, 'Fernando diaz congalves Alvarès', 98547, '1 portefeuille + 1 trousseau', 105, 1143859, 1, '2025-05-19 22:46:46'),
(172, 1, 73, 'Willem Wild', 80813, '5 Menu classique', 500, 1143876, 1, '2025-05-19 22:48:53'),
(173, 1, 73, 'Baker Cameron', 56870, '5 Menu classique', 500, 1143905, 1, '2025-05-19 22:54:08'),
(175, 1, 73, 'Willem Wild', 80813, '7 Menu classique', 700, 1143958, 1, '2025-05-19 23:04:50'),
(176, 1, 73, 'Willem Wild', 80813, '3 Menu classique', 300, 1143960, 1, '2025-05-19 23:05:09'),
(177, 1, 73, 'Maddox Keonte', 98536, 'Portefeuille + 1 ticket a grater', 35, 1143968, 1, '2025-05-19 23:06:20'),
(178, 1, 73, 'Symons Riley', 68961, '5 porte document', 50, 1143971, 1, '2025-05-19 23:07:08'),
(179, 1, 73, 'King Tyron', 88465, '2 Menu classique', 200, 1143986, 1, '2025-05-19 23:12:43'),
(180, 1, 73, 'Charles Coppola', 98359, '5 Menu classique', 500, 1143989, 1, '2025-05-19 23:13:21'),
(181, 1, 73, 'Morrys Jimmy', 98243, '3 canne à pêche', 180, 1143996, 1, '2025-05-19 23:14:44'),
(182, 1, 73, 'Morrys Jimmy', 98243, '10 appat', 100, 1144000, 1, '2025-05-19 23:15:14'),
(183, 1, 73, 'Malone Jaybe', 15432, '2 trousseau 2 porte doc', 230, 1144024, 1, '2025-05-19 23:19:25'),
(184, 1, 73, 'Ridge Taylor', 98530, '10 appat', 100, 1144026, 1, '2025-05-19 23:20:09'),
(185, 1, 73, 'Matilla Tao', 96620, '75 appat', 750, 1144039, 1, '2025-05-19 23:22:01'),
(186, 1, 73, 'Matilla Tao', 96620, '75 appat', 750, 1144042, 1, '2025-05-19 23:22:14'),
(187, 1, 73, 'Matilla Tao', 96620, '50 appat', 500, 1144043, 1, '2025-05-19 23:22:26'),
(188, 1, 73, 'Oliveira Marcelo', 90947, '10 bac de jardinage', 180, 1144053, 1, '2025-05-19 23:23:34'),
(189, 1, 73, 'O\'phelan Declan', 98207, '3 table', 30, 1144066, 1, '2025-05-19 23:27:56'),
(190, 1, 73, 'Herrera Santiago', 93429, '150 Pochon vide', 750, 1144089, 1, '2025-05-19 23:32:22'),
(191, 1, 73, 'Herrera Santiago', 93429, '150 Pochon vide', 750, 1144090, 1, '2025-05-19 23:32:33'),
(192, 1, 73, 'Herrera Santiago', 93429, '100 Pochon vide', 500, 1144092, 1, '2025-05-19 23:32:53'),
(193, 1, 73, 'Benitez Ignacio', 93323, '150 Pochon vide', 750, 1144094, 1, '2025-05-19 23:33:10'),
(194, 1, 73, 'Benitez Ignacio', 93323, '150 Pochon vide', 750, 1144095, 1, '2025-05-19 23:33:20'),
(195, 1, 73, 'Benitez Ignacio', 93323, '100 Pochon vide', 500, 1144098, 1, '2025-05-19 23:33:32'),
(196, 1, 73, 'Ramirez Emilio', 93507, '150 Pochon vide', 750, 1144102, 1, '2025-05-19 23:33:52'),
(197, 1, 73, 'Ramirez Emilio', 93507, '50 Pochon vide', 250, 1144104, 1, '2025-05-19 23:34:02'),
(198, 1, 73, 'Djounkelo Tchavo', 95715, '1 foret', 750, 1144107, 1, '2025-05-19 23:34:40'),
(199, 1, 73, 'Djounkelo Tchavo', 95715, '1 foret', 750, 1144108, 1, '2025-05-19 23:34:48'),
(200, 1, 73, 'Enzo Ramires', 95661, '1 foret', 750, 1144112, 1, '2025-05-19 23:35:37'),
(201, 1, 73, 'Enzo Ramires', 95661, '1 foret', 750, 1144113, 1, '2025-05-19 23:35:45'),
(202, 1, 73, 'Herrera Santiago', 93429, '10 grosse perceuse', 130, 1144216, 1, '2025-05-19 23:54:20'),
(203, 1, 73, 'Ashford Silas', 98167, '2 trousseau 2 porte doc', 230, 1144230, 1, '2025-05-19 23:58:01'),
(204, 1, 73, 'Lopez Carlos', 64711, '1 coca', 3, 1144248, 1, '2025-05-20 00:01:20'),
(205, 1, 73, 'Macao Alexandre', 76409, '2 bac de jardinage', 36, 1144290, 1, '2025-05-20 00:12:36'),
(206, 1, 73, 'Scott Tyrese', 93480, '5 Menu classique', 500, 1144294, 1, '2025-05-20 00:13:34'),
(207, 1, 73, 'Scott Tyrese', 93480, '1 Menu classique', 100, 1144297, 1, '2025-05-20 00:13:50'),
(208, 1, 73, 'Caro quintero Ernesto', 95264, '1 foret', 750, 1144318, 1, '2025-05-20 00:17:54'),
(209, 1, 73, 'Brawks Jaylen', 94600, '1 Menu gourmand', 130, 1144343, 1, '2025-05-20 00:27:32'),
(210, 1, 73, 'O\'phelan Declan', 98207, '3 table', 30, 1144360, 1, '2025-05-20 00:34:04'),
(212, 1, 73, 'Brooks Olly', 91896, 'tag', 750, 1144380, 1, '2025-05-20 00:40:10'),
(213, 1, 73, 'Brooks Olly', 91896, 'tag', 750, 1144381, 1, '2025-05-20 00:40:23'),
(214, 1, 126, 'Hardin Lydia', 96801, '200 appâts', 2000, 1125596, 1, '2025-05-20 00:41:17'),
(215, 1, 73, 'Cruz Rafael', 98473, '3 porte doc + 3 porte clé', 315, 1144386, 1, '2025-05-20 00:42:34'),
(216, 1, 73, 'Brooks Olly', 91896, 'tag', 400, 1144388, 1, '2025-05-20 00:43:28'),
(217, 1, 73, 'Brooks Olly', 91896, 'tag', 50, 1144389, 1, '2025-05-20 00:43:36'),
(218, 1, 73, 'Brooks Tyra', 97602, '15 grosse perceuse', 195, 1144408, 1, '2025-05-20 00:48:57'),
(219, 1, 73, 'Diloo Korez', 97153, '150 Pochon vide', 750, 1144416, 1, '2025-05-20 00:50:53'),
(220, 1, 73, 'Diloo Korez', 97153, '130 Pochon vide', 650, 1144418, 1, '2025-05-20 00:51:20'),
(221, 1, 73, 'Diloo Korez', 97153, '120 Pochon vide', 600, 1144420, 1, '2025-05-20 00:51:43'),
(222, 1, 73, 'Brooks Tyra', 97602, '1 foret', 750, 1144421, 1, '2025-05-20 00:52:19'),
(223, 1, 73, 'One Zya', 97520, '4 foret', 3000, 1144427, 1, '2025-05-20 00:54:42'),
(225, 1, 73, 'Santiago Tony', 78099, '50 Pochon vide', 250, 1144448, 1, '2025-05-20 00:59:17'),
(226, 1, 73, 'Diloo Korez', 97153, '150 Pochon vide', 750, 1144450, 1, '2025-05-20 00:59:59'),
(227, 1, 73, 'Smith Bishop', 98199, '1 skate', 95, 1144453, 1, '2025-05-20 01:01:28'),
(228, 1, 141, 'Chai Tao', 95607, '2 menu classique', 100, 1144774, 1, '2025-05-20 19:08:21'),
(229, 1, 141, 'Cullen Aaron', 95556, '1porte feuille', 10, 1144775, 1, '2025-05-20 19:08:32'),
(230, 1, 141, 'Cullen Aaron', 95556, '1 porte document', 10, 1144776, 1, '2025-05-20 19:08:33'),
(231, 1, 141, 'Etzio Kientzy', 80766, '4 menu gournand', 520, 1144781, 1, '2025-05-20 19:08:42'),
(232, 1, 141, 'Delagado Ice', 98268, '1 menu gournand', 130, 1144796, 1, '2025-05-20 19:09:46'),
(233, 1, 141, 'Delagado Ice', 98268, '1 portefeuille', 10, 1144797, 1, '2025-05-20 19:09:48'),
(234, 1, 141, 'Delagado Ice', 98268, '1 trousseau de clé', 95, 1144798, 1, '2025-05-20 19:09:49'),
(235, 1, 141, 'Delagado Ice', 98268, '1 skate', 95, 1144799, 1, '2025-05-20 19:09:50'),
(237, 1, 141, 'Sullivan Ferrid', 18199, '150 sachet vide', 750, 1144806, 1, '2025-05-20 19:09:59'),
(238, 1, 141, 'Sullivan Ferrid', 18199, '150 sachet vide', 750, 1144807, 1, '2025-05-20 19:10:00'),
(239, 1, 141, 'Sullivan Ferrid', 18199, '100 sachet vide', 500, 1144808, 1, '2025-05-20 19:10:01'),
(240, 1, 141, 'Jones Tyron', 97814, '2 lumières', 36, 1144815, 1, '2025-05-20 19:37:09'),
(241, 1, 141, 'Jones Tyron', 97814, '36 bouteille d\'eau', 360, 1144816, 1, '2025-05-20 19:37:14'),
(242, 1, 141, 'Jones Tyron', 97814, '9 pot', 90, 1144817, 1, '2025-05-20 19:37:15'),
(243, 1, 141, 'Jones Tyron', 97814, '9 ferti', 90, 1144818, 1, '2025-05-20 19:37:16'),
(244, 1, 141, 'Sterling Ruben', 98279, '5 menu classique', 500, 1144850, 1, '2025-05-20 19:55:19'),
(245, 1, 141, 'Sterling Ruben', 98279, '5 bouteilles d\'eau', 50, 1144852, 1, '2025-05-20 19:55:20'),
(246, 1, 141, 'Joel Watson', 78520, '56 bouteille d\'eau', 560, 1144854, 1, '2025-05-20 19:55:27'),
(247, 1, 141, 'Joel Watson', 78520, '12 pot', 120, 1144855, 1, '2025-05-20 19:55:27'),
(248, 1, 141, 'Joel Watson', 78520, '12 ferti', 120, 1144856, 1, '2025-05-20 19:55:28'),
(249, 1, 141, 'Joel Watson', 78520, '2 Lumières', 36, 1144857, 1, '2025-05-20 19:55:30'),
(250, 1, 141, 'Joel Watson', 78520, '2 pot', 20, 1144858, 1, '2025-05-20 19:55:35'),
(251, 1, 141, 'Joel Watson', 78520, '2 ferti', 20, 1144859, 1, '2025-05-20 19:55:37'),
(252, 1, 141, 'Hills Sully', 83855, '1 pot', 10, 1144861, 1, '2025-05-20 19:55:42'),
(253, 1, 141, 'Hills Sully', 83855, '1 ferti', 10, 1144862, 1, '2025-05-20 19:55:43'),
(254, 1, 141, 'Hills Sully', 83855, '6 lumière', 48, 1144863, 1, '2025-05-20 20:02:26'),
(255, 1, 141, 'Hills Sully', 83855, '16 bouteille d\'eau', 160, 1144864, 1, '2025-05-20 20:02:28'),
(256, 1, 141, 'Hills Sully', 83855, '2 bac', 36, 1144866, 1, '2025-05-20 20:02:31'),
(257, 1, 140, 'Adelantado Massimo', 93010, '250 POCHONS', 1250, 1144875, 1, '2025-05-20 20:03:04'),
(258, 1, 141, 'Delagado Ice', 98268, '2 trousseau', 190, 1144882, 1, '2025-05-20 20:03:24'),
(259, 1, 141, 'Amux Mido', 97945, '2 menu gournand', 260, 1144883, 1, '2025-05-20 20:03:35'),
(260, 1, 141, 'Amux Mido', 97945, '50 bouteilles d\'eau', 250, 1144884, 1, '2025-05-20 20:03:41'),
(261, 1, 141, 'Amux Mido', 97945, '1 ferti', 10, 1144886, 1, '2025-05-20 20:03:47'),
(262, 1, 141, 'Amux Mido', 97945, '1 ferti', 10, 1144887, 1, '2025-05-20 20:03:49'),
(263, 1, 141, 'Amux Mido', 97945, '9 pot', 90, 1144889, 1, '2025-05-20 20:03:52'),
(264, 1, 141, 'Amux Mido', 97945, '2 lumières', 36, 1144891, 1, '2025-05-20 20:03:53'),
(265, 1, 141, 'Moreno Esmée', 98427, '1 menu classique', 100, 1144897, 1, '2025-05-20 20:04:04'),
(266, 1, 141, 'Smith Bishop', 98199, '1 menu classique', 100, 1144898, 1, '2025-05-20 20:04:06'),
(267, 1, 140, 'Adelantado Massimo', 93010, '5 FERTILISANTS', 50, 1144912, 1, '2025-05-20 20:04:48'),
(268, 1, 141, 'Blackwood Sullivan', 98437, '3 menu classique', 300, 1144916, 1, '2025-05-20 20:05:07'),
(269, 1, 140, 'Naiqama Jimmy', 98105, '2 MENUS GOURMANDS', 260, 1144917, 1, '2025-05-20 20:05:18'),
(270, 1, 141, 'Plafa Mayna', 94908, '2 menu clasique', 200, 1144941, 1, '2025-05-20 20:06:32'),
(271, 1, 141, 'Suares Gustavo', 95501, '3 menu classique', 300, 1145020, 1, '2025-05-20 20:32:39'),
(272, 1, 141, 'Adelantado Massimo', 93010, '1 bac', 18, 1145024, 1, '2025-05-20 20:33:07'),
(273, 1, 149, 'Naiqama Jimmy', 98105, '1 skate', 95, 1145036, 1, '2025-05-20 21:04:41'),
(274, 1, 141, 'Timber Syllas', 77344, '20 bouteille d\'eau', 200, 1145037, 1, '2025-05-20 21:04:42'),
(275, 1, 141, 'Sanchez Juan', 98072, '1 grosse perceuse', 1, 1145043, 1, '2025-05-20 21:05:07'),
(276, 1, 141, 'Sanchez Juan', 98072, '1 grosse perceuse', 12, 1145047, 1, '2025-05-20 21:05:16'),
(277, 1, 141, 'Sanchez Juan', 98072, '1 foret', 750, 1145050, 1, '2025-05-20 21:05:19'),
(278, 1, 149, 'Mckenzie Lance', 98508, 'menu classique', 200, 1145051, 1, '2025-05-20 21:05:24'),
(279, 1, 149, 'karon brandon', 38350, '3 bac de jardinage', 54, 1145064, 1, '2025-05-20 21:05:42'),
(280, 1, 149, 'Valdes Dante', 98206, '1 foret', 750, 1145075, 1, '2025-05-20 21:06:31'),
(281, 1, 149, 'Sakamoto Kaito', 98487, '18 fertilisant', 180, 1145087, 1, '2025-05-20 21:27:29'),
(282, 1, 149, 'Sakamoto Kaito', 98487, '4 lumiere violette', 72, 1145089, 1, '2025-05-20 21:27:32'),
(283, 1, 149, 'Sakamoto Kaito', 98487, '2 bac de jardinage', 36, 1145091, 1, '2025-05-20 21:27:33'),
(284, 1, 149, 'Sakamoto Kaito', 98487, '18 pot', 180, 1145093, 1, '2025-05-20 21:27:36'),
(285, 1, 149, 'Sakamoto Kaito', 98487, '58 bouteille d\'eau', 580, 1145097, 1, '2025-05-20 21:27:47'),
(286, 1, 149, 'Sakamoto Kaito', 98487, '2 ferti', 20, 1145101, 1, '2025-05-20 21:27:53'),
(287, 1, 149, 'Hooker Joseph', 45886, '2 menu classique', 200, 1145111, 1, '2025-05-20 21:37:05'),
(288, 1, 149, 'Mejia Alvaro', 81859, '1 skate', 95, 1145115, 1, '2025-05-20 21:37:11'),
(289, 1, 137, 'Sanchez Leto', 98073, '1 foret', 750, 1145118, 1, '2025-05-20 21:37:19'),
(290, 1, 137, 'Sanchez Juan', 98072, '1 foret', 750, 1145121, 1, '2025-05-20 21:37:22'),
(291, 1, 149, 'Alvares Loukas', 82084, 'pochon', 750, 1145122, 1, '2025-05-20 21:37:23'),
(292, 1, 149, 'Alvares Loukas', 82084, 'pochon', 750, 1145123, 1, '2025-05-20 21:37:27'),
(293, 1, 149, 'Alvares Loukas', 82084, 'pochon', 500, 1145124, 1, '2025-05-20 21:37:30'),
(294, 1, 149, 'Sanchez Hilario junior', 98562, 'FORET', 750, 1145128, 1, '2025-05-20 21:56:12'),
(295, 1, 137, 'Tayrone Garcia', 78027, '1 bombe de tag', 750, 1145133, 1, '2025-05-20 22:04:27'),
(296, 1, 137, 'Tayrone Garcia', 78027, '2e f bombe de tag', 750, 1145134, 1, '2025-05-20 22:04:29'),
(297, 1, 137, 'Tayrone Garcia', 78027, '3 f bombe de tag', 400, 1145136, 1, '2025-05-20 22:04:32'),
(298, 1, 149, 'Naiqama Jimmy', 98105, 'menu gourmand', 130, 1145179, 1, '2025-05-20 22:06:07'),
(299, 1, 141, 'Looking Béné', 98177, '3 menu gournand', 390, 1145200, 1, '2025-05-20 22:06:41'),
(300, 1, 137, 'Pride Marcus', 98228, '1 trousseau de clé', 95, 1145206, 1, '2025-05-20 22:06:57'),
(301, 1, 137, 'Benitez Ignacio', 93323, '3 menus gourmant', 390, 1145207, 1, '2025-05-20 22:07:00'),
(302, 1, 137, 'Martinez Kayvon', 93956, '90 bouteilles d\'eau', 900, 1145211, 1, '2025-05-20 22:07:20'),
(303, 1, 137, 'Martinez Kayvon', 93956, '18 fertilisants', 180, 1145212, 1, '2025-05-20 22:07:21'),
(304, 1, 137, 'Martinez Kayvon', 93956, '4 lumières violette', 72, 1145213, 1, '2025-05-20 22:07:26'),
(305, 1, 137, 'Moore Denver', 93409, '5 menus', 500, 1145215, 1, '2025-05-20 22:07:33'),
(306, 1, 137, 'del perro junior', 6711, '18 pot', 180, 1145220, 1, '2025-05-20 22:07:57'),
(307, 1, 137, 'Hills Tyron', 97287, '180 bouteilles d\'eau', 1800, 1145225, 1, '2025-05-20 22:08:13'),
(308, 1, 141, 'Lorio Gonzales', 96567, '1 grosse foreuse', 750, 1145227, 1, '2025-05-20 22:08:18'),
(309, 1, 137, 'Abdoul Djibril', 18928, '45 fertilisants', 450, 1145229, 1, '2025-05-20 22:08:29'),
(310, 1, 141, 'Lorio Gonzales', 96567, '2 foret', 13, 1145230, 1, '2025-05-20 22:08:29'),
(311, 1, 141, 'Lorio Gonzales', 96567, '2 foret', 750, 1145232, 1, '2025-05-20 22:08:37'),
(312, 1, 137, 'Abdoul Djibril', 18928, '45 pots de fleur', 450, 1145233, 1, '2025-05-20 22:08:41'),
(313, 1, 137, 'Abdoul Djibril', 18928, '5 lumières violette', 90, 1145235, 1, '2025-05-20 22:08:47'),
(314, 1, 141, 'Carillo Adrian', 96230, '1 trousseau', 95, 1145237, 1, '2025-05-20 22:08:53'),
(315, 1, 137, 'Willem Wild', 80813, '5 menus gourmant', 650, 1145254, 1, '2025-05-20 22:09:14'),
(316, 1, 137, 'Brown Marcus', 87348, '4 menu gourmantt', 520, 1145259, 1, '2025-05-20 22:09:41'),
(317, 1, 137, 'Sakamoto Kaito', 98487, '5 menu', 500, 1145262, 1, '2025-05-20 22:09:50'),
(318, 1, 137, 'Sanchez Juan', 98072, '2 menu', 200, 1145264, 1, '2025-05-20 22:09:55'),
(319, 1, 137, 'Sanchez Juan', 98072, '1 foret', 750, 1145266, 1, '2025-05-20 22:09:59'),
(320, 1, 137, 'Sanchez Juan', 98072, '1 grosse perçeuse', 13, 1145270, 1, '2025-05-20 22:10:04'),
(321, 1, 137, 'Rodrigues Nora', 97983, '1 porte document', 10, 1145276, 1, '2025-05-20 22:10:23'),
(322, 1, 141, 'Becker James', 97970, '1 trousseau de clé', 95, 1145311, 1, '2025-05-20 22:11:34'),
(323, 1, 137, 'Hills Sully', 83855, '170 sachets vide', 850, 1145313, 1, '2025-05-20 22:11:35'),
(324, 1, 137, 'Hills Sully', 83855, '1 porte feuille', 10, 1145315, 1, '2025-05-20 22:11:40'),
(325, 1, 137, 'Hills Sully', 83855, '100 sachets vide', 500, 1145318, 1, '2025-05-20 22:11:47'),
(326, 1, 137, 'Sierra Lua', 95723, '4 menu gourmant', 520, 1145339, 1, '2025-05-20 22:12:22'),
(327, 1, 141, 'James Marcus', 12244, '2 menu classique', 200, 1145346, 1, '2025-05-20 22:12:37'),
(328, 1, 137, 'James Marcus', 12244, '1 porte document', 10, 1145347, 1, '2025-05-20 22:12:40'),
(329, 1, 141, 'James Marcus', 12244, '1 ticket gratter', 25, 1145349, 1, '2025-05-20 22:12:43'),
(330, 1, 137, 'Willis Kyle', 97977, '2 menu', 200, 1145355, 1, '2025-05-20 22:12:55'),
(331, 1, 137, 'Stokes jr. Khalil amir', 92993, '10 bac de jardinage', 180, 1145364, 1, '2025-05-20 22:13:11'),
(332, 1, 137, 'Brooks James', 80747, '3 foret', 2250, 1145367, 1, '2025-05-20 22:13:18'),
(333, 1, 137, 'Kingsley Malik', 98501, '2 ticket a gratter', 50, 1145369, 1, '2025-05-20 22:13:24'),
(334, 1, 137, 'Sterling Ruben', 98279, '5 tickets a gratter', 125, 1145372, 1, '2025-05-20 22:13:28'),
(335, 1, 137, 'Marcus Ivory', 87566, '36 pots', 360, 1145376, 1, '2025-05-20 22:13:45'),
(336, 1, 137, 'Marcus Ivory', 87566, '108 bouteille d\'eau', 1080, 1145377, 1, '2025-05-20 22:13:47'),
(337, 1, 137, 'Marcus Ivory', 87566, '18 lumière violette', 108, 1145378, 1, '2025-05-20 22:13:50'),
(338, 1, 137, 'Marcus Ivory', 87566, '36 fertilisants', 360, 1145379, 1, '2025-05-20 22:13:56'),
(339, 1, 137, 'Marcus Ivory', 87566, '1 foret', 750, 1145386, 1, '2025-05-20 22:14:19'),
(340, 1, 137, 'Marcus Ivory', 87566, '1 foret', 750, 1145387, 1, '2025-05-20 22:14:23'),
(341, 1, 141, 'Rodrigues Violet', 97979, '1 ticket a gratter', 25, 1145413, 1, '2025-05-20 22:15:18'),
(342, 1, 137, 'Jackson Ashwood', 92544, '1 foret', 750, 1145456, 1, '2025-05-20 22:16:55'),
(343, 1, 137, 'Jackson Ashwood', 92544, '6 ticket à gratter', 150, 1145468, 1, '2025-05-20 22:17:16'),
(344, 1, 137, 'Jackson Ashwood', 92544, '1 ticket à gratter', 25, 1145477, 1, '2025-05-20 22:17:53'),
(345, 1, 137, 'Bennet Quincy', 98393, '2 menu', 200, 1145489, 1, '2025-05-20 22:18:32'),
(346, 1, 141, 'Juan Ochoa', 90946, '2 grosse perceuse', 26, 1145539, 1, '2025-05-20 22:20:45'),
(347, 1, 137, 'Delgado Julio', 81987, '20 trousseaux', 1900, 1145552, 1, '2025-05-20 22:21:17'),
(348, 1, 137, 'Tao- Ming', 86714, '2 menu gourmant', 260, 1145563, 1, '2025-05-20 22:39:51'),
(349, 1, 137, 'Blackwood Sullivan', 98437, '1 porte feuille', 10, 1145582, 1, '2025-05-20 23:12:35'),
(350, 1, 137, 'Blackwood Sullivan', 98437, '1 trousseau', 95, 1145583, 1, '2025-05-20 23:12:39'),
(351, 1, 137, 'Keyton Zed', 95038, '3 menu', 300, 1145589, 1, '2025-05-20 23:12:57'),
(352, 1, 137, 'Naiqama Phoenix', 98618, '1 skate', 95, 1145607, 1, '2025-05-20 23:13:45'),
(353, 1, 137, 'Pau Zentit', 90648, '3 grosse perçeuse', 39, 1145610, 1, '2025-05-20 23:14:05'),
(354, 1, 137, 'Narves Bécoli', 90802, '2 porte document', 20, 1145661, 1, '2025-05-20 23:16:27'),
(355, 1, 141, 'karon brandon', 38350, '40 sachet vide', 200, 1145683, 1, '2025-05-20 23:17:23'),
(356, 1, 141, 'Royce Monterro', 95623, '2 colle', 6, 1145712, 1, '2025-05-20 23:19:04'),
(357, 1, 137, 'karon brandon', 38350, '290 sachet vide', 1450, 1145730, 1, '2025-05-20 23:20:07'),
(358, 1, 137, 'Mekkech Ajar', 96521, '1 skate', 95, 1145732, 1, '2025-05-20 23:20:18'),
(359, 1, 149, 'Djounjelo Djo', 98531, 'PORTE CLES', 95, 1145787, 1, '2025-05-20 23:22:19'),
(360, 1, 149, 'Djounjelo Djo', 98531, 'PORTE FEUILLE', 10, 1145789, 1, '2025-05-20 23:22:21'),
(361, 1, 149, 'De rosa Tommy', 68604, '7V FERTI', 70, 1145793, 1, '2025-05-20 23:22:39'),
(362, 1, 149, 'De rosa Tommy', 68604, '2 LAMPE', 36, 1145796, 1, '2025-05-20 23:22:41'),
(363, 1, 149, 'De rosa Tommy', 68604, '27 EAu', 270, 1145800, 1, '2025-05-20 23:22:45'),
(364, 1, 149, 'De rosa Tommy', 68604, '9 pot', 90, 1145802, 1, '2025-05-20 23:22:50'),
(365, 1, 141, 'Teina Moana', 62919, '20 bouteille d\'eau', 200, 1145814, 1, '2025-05-20 23:23:13'),
(366, 1, 149, 'Muhieddin Alain', 98539, '1 skate', 95, 1145820, 1, '2025-05-20 23:23:18'),
(367, 1, 137, 'Baker Shayla', 92898, '20 bouteille d\'eau', 200, 1145829, 1, '2025-05-20 23:23:54'),
(368, 1, 149, 'Camejo Ernesto', 97120, '1 porte cle', 95, 1145848, 1, '2025-05-20 23:24:37'),
(369, 1, 149, 'Camejo Ernesto', 97120, '1 porte doc', 10, 1145851, 1, '2025-05-20 23:24:42'),
(370, 1, 149, 'Blackwood Sullivan', 98437, '3 menu classique', 300, 1145870, 1, '2025-05-20 23:25:20'),
(371, 1, 137, 'Tony Hoxton', 98335, '2 coca', 6, 1145973, 1, '2025-05-20 23:27:27'),
(372, 1, 137, 'Blake Kobe', 91836, '1 Skate', 95, 1145998, 1, '2025-05-20 23:28:22'),
(374, 1, 141, 'Junior Keenan', 98396, '1 foret', 750, 1146115, 1, '2025-05-20 23:32:39'),
(375, 1, 141, 'Junior Keenan', 98396, '1 grosse perceuse', 13, 1146117, 1, '2025-05-20 23:32:40'),
(376, 1, 73, 'Richard Amond', 49229, '1 skate', 95, 1146191, 1, '2025-05-20 23:34:26'),
(377, 1, 73, 'Torres Emilio', 96297, '1 skate + 1 Menu gourmand', 225, 1146234, 1, '2025-05-20 23:35:50'),
(378, 1, 73, 'Escobare Déras', 96833, '15 ticket à grater', 375, 1146244, 1, '2025-05-20 23:36:49'),
(379, 1, 73, 'Velasquez Giuseppe', 96839, '2 grosse perceuse', 26, 1146277, 1, '2025-05-20 23:38:00'),
(380, 1, 73, 'Sanchez Hilario junior', 98562, '1 foret', 750, 1146297, 1, '2025-05-20 23:38:33'),
(381, 1, 73, 'De rosa Tommy', 68604, '1 bac de jardinage', 10, 1146308, 1, '2025-05-20 23:38:51'),
(382, 1, 73, 'De rosa Tommy', 68604, '1 bac de jardinage', 10, 1146310, 1, '2025-05-20 23:38:55'),
(383, 1, 141, 'Rose Keshawn', 98561, '1 skate', 95, 1146313, 1, '2025-05-20 23:38:56'),
(384, 1, 141, 'Rose Aaron', 98560, '1 skate', 95, 1146316, 1, '2025-05-20 23:39:00'),
(385, 1, 73, 'Woop Walter', 11032, '1 skate', 95, 1146317, 1, '2025-05-20 23:39:02'),
(386, 1, 141, 'Smith Adam', 98179, '1 menu classique', 100, 1146340, 1, '2025-05-20 23:39:24'),
(387, 1, 73, 'Brooks Olly', 91896, '20 pochon vide', 100, 1146376, 1, '2025-05-20 23:40:25'),
(388, 1, 73, 'Saraf Mishka', 95622, '1 foret', 750, 1146398, 0, '2025-05-20 23:40:50'),
(389, 1, 137, 'Esta rosa Isabela', 92474, '10 bac de jardinage', 180, 1146436, 1, '2025-05-20 23:41:30'),
(390, 1, 73, 'Saraf Mishka', 95622, '1 foret', 750, 1146447, 1, '2025-05-20 23:41:40'),
(391, 1, 73, 'Mckenzie Lance', 98508, '2 Menu classique', 200, 1146462, 1, '2025-05-20 23:41:56'),
(392, 1, 107, 'O\'phelan Declan', 98207, '3x Ferti 3x Pots 5x Eau', 110, 1146601, 1, '2025-05-20 23:45:17'),
(393, 1, 107, 'O\'phelan Declan', 98207, '2x Ticket', 50, 1146602, 1, '2025-05-20 23:45:18'),
(394, 1, 107, 'Rose Isaiah', 98559, '1x Skate', 95, 1146613, 1, '2025-05-20 23:45:25'),
(395, 1, 107, 'Bailey Kofee', 98629, '1x Skate', 95, 1146616, 1, '2025-05-20 23:45:28'),
(396, 1, 107, 'Scott Bridge', 96309, '5x Menu', 500, 1146629, 1, '2025-05-20 23:45:43'),
(397, 1, 107, 'Scott Bridge', 96309, '1x Menu', 100, 1146633, 1, '2025-05-20 23:45:48'),
(398, 1, 107, 'Brooks James', 80747, '1x Divers', 115, 1146643, 1, '2025-05-20 23:46:06'),
(399, 1, 107, 'Roki Bryan', 91319, '4x Menu Gourmand', 520, 1146668, 1, '2025-05-20 23:46:30'),
(400, 1, 73, 'Young Curtis', 96336, '1 portefeuille + 1 trousseau', 105, 1146987, 1, '2025-05-21 01:03:08'),
(401, 1, 73, 'Mendy Tomas', 96624, '3 trousseau + 10 tag', 19785, 1147020, 1, '2025-05-21 01:15:56'),
(402, 1, 73, 'Espinoza Harleen', 91209, '5 menu gourmand, 2 ticket', 737, 1147036, 1, '2025-05-21 01:27:15'),
(403, 1, 73, 'Carter Jayden', 92580, '25 bouteille d\'eau', 250, 1147040, 1, '2025-05-21 01:28:32'),
(405, 1, 73, 'Malone Curtis', 98538, '2 Menu classique', 200, 1147046, 1, '2025-05-21 01:30:11'),
(406, 1, 73, 'Kael Matilla', 96607, '1 foret', 750, 1147047, 1, '2025-05-21 01:30:29'),
(407, 1, 73, 'Macao Alexandre', 76409, '2 bac', 20, 1147049, 1, '2025-05-21 01:31:04'),
(408, 1, 73, 'Beyrone James', 96691, '1 Menu gourmand', 130, 1147051, 1, '2025-05-21 01:31:44'),
(409, 1, 73, 'Kael Matilla', 96607, '1 grosse perceuse', 13, 1147054, 1, '2025-05-21 01:32:18'),
(410, 1, 73, 'Adam Miller', 96710, '1 skate', 95, 1147056, 1, '2025-05-21 01:33:25'),
(411, 1, 73, 'Cissé Malik', 98149, '10 grosse perceuse', 130, 1147066, 1, '2025-05-21 01:39:39'),
(412, 1, 73, 'O\'phelan Declan', 98207, '3 bac', 30, 1147070, 1, '2025-05-21 01:40:10'),
(413, 1, 73, 'Carter Randy', 67582, '2 bac', 20, 1147085, 1, '2025-05-21 01:44:55'),
(414, 1, 73, 'O\'phelan Declan', 98207, '1 skate', 95, 1147106, 1, '2025-05-21 02:07:29'),
(415, 1, 73, 'O\'phelan Joe', 98211, '1 skate', 95, 1147107, 1, '2025-05-21 02:08:07'),
(416, 1, 73, 'Scott O\'phelan', 98148, '1 skate', 95, 1147108, 1, '2025-05-21 02:09:03'),
(417, 1, 73, 'Scott O\'phelan', 98148, '2 ticket à gratter', 50, 1147109, 1, '2025-05-21 02:09:17'),
(418, 1, 129, 'Richard Hayes', 4564564, 'Devis', 3400, 12, 1, '2025-06-05 15:44:34'),
(419, 3, 155, 'Xavier Niel', 87566, '1 école', 7500, 56793, 1, '2025-06-05 21:57:56'),
(420, 2, 154, 'Xavier Pincemin', 87567, '1 steak', 3000, 56795, 0, '2025-06-05 21:57:56');

-- --------------------------------------------------------

--
-- Structure de la table `companies`
--

CREATE TABLE `companies` (
  `id` int NOT NULL,
  `name` varchar(100) NOT NULL,
  `type` varchar(50) CHARACTER SET utf8mb4 COLLATE utf8mb4_0900_ai_ci NOT NULL,
  `logo` varchar(5000) CHARACTER SET utf8mb4 COLLATE utf8mb4_0900_ai_ci DEFAULT NULL,
  `eotw` int DEFAULT NULL,
  `created_at` datetime NOT NULL DEFAULT CURRENT_TIMESTAMP
) ENGINE=InnoDB DEFAULT CHARSET=utf8mb4 COLLATE=utf8mb4_0900_ai_ci;

--
-- Déchargement des données de la table `companies`
--

INSERT INTO `companies` (`id`, `name`, `type`, `logo`, `eotw`, `created_at`) VALUES
(1, 'LTD Little Seoul', 'Production', 'https://imgur.com/Ygvkz7m.png', 129, '2025-05-21 17:04:02'),
(2, 'Auto Exotic', 'Garage', 'https://imgur.com/KXGxhKh.png', 154, '2025-05-21 20:39:59'),
(3, 'Pawn Shop', 'Supermarché', NULL, NULL, '2025-06-03 01:30:55');

-- --------------------------------------------------------

--
-- Structure de la table `companies_types`
--

CREATE TABLE `companies_types` (
  `id` int NOT NULL,
  `name` varchar(50) NOT NULL
) ENGINE=InnoDB DEFAULT CHARSET=utf8mb4 COLLATE=utf8mb4_0900_ai_ci;

--
-- Déchargement des données de la table `companies_types`
--

INSERT INTO `companies_types` (`id`, `name`) VALUES
(1, 'Bar'),
(2, 'Boîte de nuit'),
(3, 'Concessionnaire'),
(4, 'Esthétique'),
(5, 'Événementiel'),
(6, 'Garage'),
(7, 'Immobilier'),
(8, 'Maison de disque'),
(9, 'Presse'),
(10, 'Production'),
(11, 'Restauration'),
(12, 'Supermarché');

-- --------------------------------------------------------

--
-- Structure de la table `employees`
--

CREATE TABLE `employees` (
  `id` int NOT NULL,
  `company_id` int NOT NULL,
  `user_id` varchar(21) CHARACTER SET utf8mb4 COLLATE utf8mb4_general_ci NOT NULL,
  `character_id` int NOT NULL DEFAULT '0',
  `first_name` varchar(200) CHARACTER SET utf8mb4 COLLATE utf8mb4_general_ci NOT NULL,
  `last_name` varchar(200) CHARACTER SET utf8mb4 COLLATE utf8mb4_general_ci NOT NULL,
  `birth_date` varchar(10) CHARACTER SET utf8mb4 COLLATE utf8mb4_general_ci DEFAULT NULL,
  `grade` varchar(200) CHARACTER SET utf8mb4 COLLATE utf8mb4_general_ci NOT NULL,
  `in_service` tinyint(1) NOT NULL DEFAULT '0',
  `phone` varchar(200) CHARACTER SET utf8mb4 COLLATE utf8mb4_general_ci NOT NULL,
  `iban` varchar(200) CHARACTER SET utf8mb4 COLLATE utf8mb4_general_ci NOT NULL,
  `eotw_count` int NOT NULL DEFAULT '0',
  `started_service` datetime DEFAULT NULL,
  `time_in_service` int NOT NULL DEFAULT '0'
) ENGINE=InnoDB DEFAULT CHARSET=utf8mb4 COLLATE=utf8mb4_general_ci;

--
-- Déchargement des données de la table `employees`
--

INSERT INTO `employees` (`id`, `company_id`, `user_id`, `character_id`, `first_name`, `last_name`, `birth_date`, `grade`, `in_service`, `phone`, `iban`, `eotw_count`, `started_service`, `time_in_service`) VALUES
(62, 1, '353192879092531202', 77126, 'Benjamin', 'Weaver', NULL, 'Responsable', 1, '4443322', 'ZIHJ5Y', 0, NULL, 2),
(69, 1, '1198030045973848146', 83210, 'Luis', 'Savastano', NULL, 'Pompiste', 0, '5891497', '6KGREE', 0, NULL, 0),
(72, 1, '254251243759861777', 78027, 'Tayrone', 'Garcia', NULL, 'Chef d\'équipe Pompistes', 0, '2800588', 'WMGYOG', 0, NULL, 0),
(73, 1, '587222944980402176', 55767, 'Derek', 'Blake', NULL, 'Responsable', 0, '5764196', 'GHNSP2', 0, NULL, 0),
(75, 1, '1046529735221592174', 93078, 'Krusty', 'Trent', NULL, 'Pompiste', 0, '1625810', 'KRUSTY7', 0, NULL, 0),
(78, 1, '178202601131737088', 93274, 'Taylor', 'Bankston-Chamaunking', NULL, 'Pompiste', 0, '9797210', 'GXVZBZ', 0, NULL, 0),
(80, 1, '704418894470971446', 86650, 'Elijah', 'Parks', NULL, 'Pompiste', 0, '4443322', 'ZIHJ5Y', 0, NULL, 0),
(81, 1, '1300119120318304348', 92079, 'Linio', 'Cruz', NULL, 'Pompiste', 0, '898-0829', 'T525DO', 0, NULL, 0),
(85, 1, '587825588174061578', 94212, 'Aleko', 'Shijak', NULL, 'Vendeur', 0, '3550355', 'BABAI', 0, NULL, 0),
(87, 1, '927260258622132266', 91896, 'Olly', 'Brooks', NULL, 'Pompiste', 0, '9552724', 'OYLIWY', 0, NULL, 0),
(100, 1, '995383229358014495', 94593, 'Bust', 'Shawn', NULL, 'Pompiste', 0, '1366734', 'TMPZRU', 0, NULL, 0),
(103, 1, '807709699436576829', 94322, 'Valmir', 'Shijak', NULL, 'Pompiste', 0, '2304699', 'TIP', 0, NULL, 0),
(107, 1, '957333614184501298', 26097, 'Vicente', 'Carrillo Fuentes', NULL, 'CEO', 0, '7970272', 'K03ECN', 0, NULL, 0),
(126, 1, '650651846968344579', 96351, 'Bradley', 'Jones', NULL, 'Pompiste', 0, '271-6509', 'FPVJ8H', 0, NULL, 0),
(127, 1, '434396378911997962', 96352, 'Rusty', 'Labrava', NULL, 'Pompiste', 0, '5551815', 'HOP81', 0, NULL, 0),
(129, 1, '683269450086219777', 96558, 'Aaron', 'Carter', NULL, 'Responsable', 0, '6430088', 'AARONC', 1, NULL, 4752),
(132, 1, '514903010992848906', 91266, 'Salva', 'Santana', NULL, 'Pompiste', 0, '975-7474', 'ZSPFNV', 0, NULL, 0),
(134, 1, '1322968018581586023', 86085, 'Paco', 'Torres', NULL, 'Pompiste', 0, '9015475', '5KINW7', 0, NULL, 0),
(135, 1, '885836568181473342', 63484, 'Lorenzo', 'Dirabi', NULL, 'Pompiste', 0, '5240262', 'NWHW18', 0, NULL, 0),
(136, 1, '352412144542679041', 93490, 'Ryder', 'Wilson', NULL, 'Pompiste', 0, '9661424', 'CGV2DN', 0, NULL, 0),
(137, 1, '1146875987573870602', 97979, 'Violet', 'Rodrigues', NULL, 'Vendeur', 0, '9977495', 'FAQNQE', 0, NULL, 0),
(140, 1, '703294847905300610', 97654, 'Catalina', 'Delgado', NULL, 'Vendeur', 0, '2239266', 'QXUUT7', 0, NULL, 0),
(141, 1, '205028283442659328', 97983, 'Nora', 'Rodrigues', NULL, 'Vendeur', 0, '7790838', 'GXIGFO', 0, NULL, 0),
(142, 1, '995789487043006515', 20425, 'Ben', 'Rodrigues', NULL, 'Pompiste', 0, '7219005', 'QPHEZK', 0, NULL, 0),
(143, 1, '637199271632044053', 80813, 'Willem', 'Wild', NULL, 'Pompiste', 0, '5721994', 'MKHAEQ', 0, NULL, 0),
(144, 1, '779426107044134972', 98199, 'Bishop', 'Smith', NULL, 'Pompiste', 0, '4198731', '52056', 0, NULL, 0),
(145, 1, '1011067860216455269', 95486, 'Tommy', 'Flop', NULL, 'Pompiste', 0, '2604252', 'FLOPYY', 0, NULL, 0),
(146, 1, '790920113892098098', 96722, 'Raza', 'Cortez', NULL, 'Pompiste', 0, '9300853', 'RAZA', 0, NULL, 0),
(147, 1, '1219988592542355462', 97930, 'Kofi', 'Williams', NULL, 'Pompiste', 0, '7808665', 'VRG9CJ', 0, NULL, 0),
(148, 1, '1217679383016509445', 97080, 'Flor', 'Rivera', NULL, 'Vendeur', 0, '377-5685', 'YBQZEY', 0, NULL, 0),
(149, 1, '1130124661099872380', 97610, 'Deavon', 'Hills', NULL, 'Vendeur', 0, '7643883', 'PMRTP4', 0, NULL, 0),
(150, 1, '1304966505133248584', 96128, 'Caleb', 'Wayans', NULL, 'Pompiste', 0, '5906798', 'BKGMVX', 0, NULL, 0),
(154, 2, '683269450086219777', 96558, 'Aaron', 'Carter', NULL, 'Responsable', 0, '6430088', 'AARONC', 0, NULL, 0),
(155, 3, '683269450086219777', 96558, 'Aaron', 'Carter', NULL, 'Vendeur', 0, '6430088', 'AARONC', 1, NULL, 1);

-- --------------------------------------------------------

--
-- Structure de la table `employees_specialities`
--

CREATE TABLE `employees_specialities` (
  `id` int NOT NULL,
  `employee_id` int NOT NULL,
  `speciality` varchar(50) CHARACTER SET utf8mb4 COLLATE utf8mb4_general_ci DEFAULT NULL
) ENGINE=InnoDB DEFAULT CHARSET=utf8mb4 COLLATE=utf8mb4_general_ci;

--
-- Déchargement des données de la table `employees_specialities`
--

INSERT INTO `employees_specialities` (`id`, `employee_id`, `speciality`) VALUES
(41, 62, NULL),
(48, 69, NULL),
(51, 72, NULL),
(52, 73, NULL),
(54, 75, NULL),
(57, 78, NULL),
(59, 80, NULL),
(60, 81, NULL),
(63, 85, NULL),
(65, 87, NULL),
(91, 100, NULL),
(94, 103, NULL),
(114, 126, NULL),
(115, 127, NULL),
(117, 129, NULL),
(120, 132, NULL),
(122, 134, NULL),
(123, 135, NULL),
(124, 136, NULL),
(125, 137, NULL),
(128, 140, NULL),
(129, 141, NULL),
(130, 142, NULL),
(131, 143, NULL),
(132, 144, NULL),
(133, 145, NULL),
(134, 146, NULL),
(135, 147, NULL),
(136, 148, NULL),
(137, 149, NULL),
(138, 150, NULL);

-- --------------------------------------------------------

--
-- Structure de la table `events`
--

CREATE TABLE `events` (
  `id` int NOT NULL,
  `company_id` int NOT NULL,
  `title` varchar(100) CHARACTER SET utf8mb4 COLLATE utf8mb4_0900_ai_ci NOT NULL,
  `description` varchar(250) NOT NULL,
  `location` varchar(100) CHARACTER SET utf8mb4 COLLATE utf8mb4_0900_ai_ci NOT NULL,
  `start` datetime NOT NULL,
  `end` datetime NOT NULL,
  `start_time` datetime NOT NULL,
  `end_time` datetime NOT NULL,
  `created_at` datetime NOT NULL DEFAULT CURRENT_TIMESTAMP
) ENGINE=InnoDB DEFAULT CHARSET=utf8mb4 COLLATE=utf8mb4_0900_ai_ci;

--
-- Déchargement des données de la table `events`
--

INSERT INTO `events` (`id`, `company_id`, `title`, `description`, `location`, `start`, `end`, `start_time`, `end_time`, `created_at`) VALUES
(4, 1, 'dfgdfg', 'dfgdfh', 'dfgzrd', '2025-05-14 00:00:00', '2025-05-15 00:00:00', '2025-05-31 23:00:00', '2025-05-31 22:00:00', '2025-05-31 01:03:19');

-- --------------------------------------------------------

--
-- Structure de la table `exports`
--

CREATE TABLE `exports` (
  `id` int NOT NULL,
  `company_id` int NOT NULL,
  `employee_id` int DEFAULT NULL,
  `amount` int NOT NULL,
  `date` datetime NOT NULL DEFAULT CURRENT_TIMESTAMP
) ENGINE=InnoDB DEFAULT CHARSET=utf8mb4 COLLATE=utf8mb4_0900_ai_ci;

--
-- Déchargement des données de la table `exports`
--

INSERT INTO `exports` (`id`, `company_id`, `employee_id`, `amount`, `date`) VALUES
(1, 1, 129, 167, '2025-05-17 16:57:48'),
(2, 1, 129, 100, '2025-06-05 15:32:39');

-- --------------------------------------------------------

--
-- Structure de la table `garage`
--

CREATE TABLE `garage` (
  `id` int NOT NULL,
  `company_id` int NOT NULL,
  `vehicle_id` int NOT NULL,
  `employee_id` int DEFAULT NULL,
  `plate` varchar(50) CHARACTER SET utf8mb4 COLLATE utf8mb4_0900_ai_ci NOT NULL,
  `model` varchar(50) CHARACTER SET utf8mb4 COLLATE utf8mb4_0900_ai_ci NOT NULL,
  `created_at` datetime NOT NULL DEFAULT CURRENT_TIMESTAMP
) ENGINE=InnoDB DEFAULT CHARSET=utf8mb4 COLLATE=utf8mb4_0900_ai_ci;

--
-- Déchargement des données de la table `garage`
--

INSERT INTO `garage` (`id`, `company_id`, `vehicle_id`, `employee_id`, `plate`, `model`, `created_at`) VALUES
(1, 1, 952688, NULL, 'VNB55DCH', 'brickadeta', '2025-05-31 02:18:58'),
(2, 1, 986260, NULL, '4WBLQ338', 'brickadeta', '2025-05-31 02:18:58'),
(3, 1, 968625, NULL, 'ZDNNYRBE', 'pounder3', '2025-05-31 02:18:58'),
(4, 1, 951791, NULL, 'BWVP7MCZ', 'brickadeta', '2025-05-31 02:18:58'),
(8, 1, 895195, NULL, 'WPLS6WXF', 'pounder', '2025-05-31 02:18:58'),
(11, 1, 968619, NULL, 'RADOVKPU', 'brickadeta', '2025-05-31 02:18:58'),
(15, 2, 968620, NULL, 'VOKWYRTM', 'Elegy RH8', '2025-05-31 02:18:58'),
(16, 3, 968621, 155, 'IJTDCFN', 'Nissan Qashqai', '2025-05-31 02:18:58');

-- --------------------------------------------------------

--
-- Structure de la table `grades`
--

CREATE TABLE `grades` (
  `id` int NOT NULL,
  `company_id` int NOT NULL,
  `ingame_id` int DEFAULT NULL,
  `name` varchar(50) CHARACTER SET utf8mb4 COLLATE utf8mb4_general_ci NOT NULL,
  `salary` int NOT NULL
) ENGINE=InnoDB DEFAULT CHARSET=utf8mb4 COLLATE=utf8mb4_general_ci;

--
-- Déchargement des données de la table `grades`
--

INSERT INTO `grades` (`id`, `company_id`, `ingame_id`, `name`, `salary`) VALUES
(1, 1, 14642, 'CEO', 20000),
(2, 1, 15133, 'COO', 20000),
(3, 1, 15140, 'Responsable', 18000),
(4, 1, NULL, 'Manager Vendeurs', 18000),
(5, 1, NULL, 'Manager Pompistes', 16000),
(6, 1, NULL, 'Ressources Humaines', 16000),
(9, 1, NULL, 'Chef d\'équipe Vendeurs', 13000),
(10, 1, NULL, 'Chef d\'équipe Pompistes', 13000),
(15, 1, 15029, 'Vendeur Expérimenté', 13000),
(16, 1, 15031, 'Pompiste Expérimenté', 13000),
(17, 1, 15030, 'Vendeur', 12000),
(18, 1, 14643, 'Pompiste', 12000),
(19, 1, NULL, 'Vendeur Novice', 11000),
(20, 1, NULL, 'Pompiste Novice', 11000),
(21, 1, 19704, 'Exportateur', 13000);

-- --------------------------------------------------------

--
-- Structure de la table `grades_permissions`
--

CREATE TABLE `grades_permissions` (
  `id` int NOT NULL,
  `grade_id` int NOT NULL,
  `permission` int NOT NULL
) ENGINE=InnoDB DEFAULT CHARSET=utf8mb4 COLLATE=utf8mb4_0900_ai_ci;

-- --------------------------------------------------------

--
-- Structure de la table `notifications`
--

CREATE TABLE `notifications` (
  `id` int NOT NULL,
  `company_id` int NOT NULL,
  `title` varchar(50) NOT NULL,
  `message` varchar(350) NOT NULL,
  `date` datetime NOT NULL DEFAULT CURRENT_TIMESTAMP
) ENGINE=InnoDB DEFAULT CHARSET=utf8mb4 COLLATE=utf8mb4_0900_ai_ci;

--
-- Déchargement des données de la table `notifications`
--

INSERT INTO `notifications` (`id`, `company_id`, `title`, `message`, `date`) VALUES
(1, 1, 'Nouvelle vente', 'Une nouvelle vente a été enregistrée', '2025-05-22 20:44:44'),
(2, 1, 'Stock faible', 'Le stock de carburant est faible', '2025-05-22 20:44:58');

-- --------------------------------------------------------

--
-- Structure de la table `notifications_reads`
--

CREATE TABLE `notifications_reads` (
  `id` int NOT NULL,
  `notification_id` int NOT NULL,
  `employee_id` int NOT NULL,
  `readed` tinyint(1) NOT NULL DEFAULT '0'
) ENGINE=InnoDB DEFAULT CHARSET=utf8mb4 COLLATE=utf8mb4_0900_ai_ci;

--
-- Déchargement des données de la table `notifications_reads`
--

INSERT INTO `notifications_reads` (`id`, `notification_id`, `employee_id`, `readed`) VALUES
(3, 1, 62, 0),
(4, 2, 62, 0),
(5, 2, 129, 0),
(6, 1, 129, 0);

-- --------------------------------------------------------

--
-- Structure de la table `pawnshop_buyback_items`
--

CREATE TABLE `pawnshop_buyback_items` (
  `id` int NOT NULL,
  `name` varchar(100) NOT NULL,
  `price` int NOT NULL
) ENGINE=InnoDB DEFAULT CHARSET=utf8mb4 COLLATE=utf8mb4_0900_ai_ci;

--
-- Déchargement des données de la table `pawnshop_buyback_items`
--

INSERT INTO `pawnshop_buyback_items` (`id`, `name`, `price`) VALUES
(1, 'Culotte', 12),
(2, 'Chicha', 12),
(3, 'Album', 12),
(4, 'Livre Enfant', 12),
(5, 'Ventilateur', 12),
(6, 'Fleur', 30),
(7, 'Caillou', 150),
(8, 'Doudou', 150),
(9, 'Extincteur', 500),
(10, 'Statue Maltese Falcon', 120),
(11, 'Buste Grecque', 120),
(12, 'Bouteille de Vin Rouge', 85),
(13, 'Bouteille', 100),
(14, 'Poids de Musculation', 120),
(15, 'BMX', 100),
(16, 'Skate', 40),
(17, 'Oeuf de Fabergé', 300),
(18, 'Diamant Blanc', 800),
(19, 'Montre en émeraude', 800),
(20, 'Anneau en Or', 800),
(21, 'Oeuf Napoléonien', 1500),
(22, 'Lanceur de Boule de Neige', 2000);

-- --------------------------------------------------------

--
-- Structure de la table `payments`
--

CREATE TABLE `payments` (
  `id` int NOT NULL,
  `company_id` int NOT NULL,
  `amount` int NOT NULL,
  `reason` varchar(1000) NOT NULL,
  `date` datetime NOT NULL DEFAULT CURRENT_TIMESTAMP
) ENGINE=InnoDB DEFAULT CHARSET=utf8mb4 COLLATE=utf8mb4_0900_ai_ci;

--
-- Déchargement des données de la table `payments`
--

INSERT INTO `payments` (`id`, `company_id`, `amount`, `reason`, `date`) VALUES
(1, 1, 625, 'Paiement loyer Vicente Carrillo.F | 797-7072', '2025-05-17 15:41:51'),
(2, 1, 1600, 'Paiement loyer LTD LS | 797-0272', '2025-05-17 15:41:51'),
(3, 1, 1, 'Paye ponctuelle de membre (par 26097)', '2025-05-17 15:41:51'),
(4, 1, 250, 'Paiement loyer Vicente Carrillo | 797-0272', '2025-05-17 17:40:31'),
(5, 1, 64, 'Achat essence', '2025-05-17 19:26:38'),
(6, 1, 98133, 'Transfert N°6087 -> N°34617', '2025-05-18 00:47:24'),
(7, 1, 105, 'Achat essence', '2025-05-18 00:54:11'),
(8, 1, 1600, 'Paiement loyer LTD LS | 797-0272', '2025-05-18 09:55:57'),
(9, 1, 625, 'Paiement loyer Vicente Carrillo.F | 797-7072', '2025-05-18 14:12:52'),
(10, 1, 250, 'Paiement loyer Vicente Carrillo | 797-0272', '2025-05-18 18:19:53'),
(11, 1, 8000, 'Paiement facture 1140307', '2025-05-19 01:46:38'),
(12, 1, 74, 'Achat essence', '2025-05-19 01:49:37'),
(13, 1, 1600, 'Paiement loyer LTD LS | 797-0272', '2025-05-19 10:03:24'),
(14, 1, 625, 'Paiement loyer Vicente Carrillo.F | 797-7072', '2025-05-19 13:39:49'),
(15, 1, 13744, 'Paye ponctuelle de membre (par 26097)', '2025-05-19 14:19:40'),
(16, 1, 14831, 'Paye ponctuelle de membre (par 26097)', '2025-05-19 14:20:11'),
(17, 1, 25000, 'Paye ponctuelle de membre (par 26097)', '2025-05-19 14:20:20'),
(18, 1, 13970, 'Paye ponctuelle de membre (par 26097)', '2025-05-19 14:21:10'),
(19, 1, 8595, 'Paye ponctuelle de membre (par 26097)', '2025-05-19 14:21:34'),
(20, 1, 15000, 'Paye ponctuelle de membre (par 26097)', '2025-05-19 14:21:47'),
(21, 1, 18000, 'Paye ponctuelle de membre (par 26097)', '2025-05-19 14:22:03'),
(22, 1, 2652, 'Paye ponctuelle de membre (par 26097)', '2025-05-19 14:22:27'),
(23, 1, 19000, 'Paye ponctuelle de membre (par 26097)', '2025-05-19 14:22:51'),
(24, 1, 20000, 'Paye ponctuelle de membre (par 26097)', '2025-05-19 14:23:32'),
(25, 1, 14600, 'Paye ponctuelle de membre (par 26097)', '2025-05-19 14:23:45'),
(26, 1, 15000, 'Paye ponctuelle de membre (par 26097)', '2025-05-19 14:23:57'),
(27, 1, 5, 'Achat boutique N°215', '2025-05-19 14:31:46'),
(28, 1, 5000, 'Paye ponctuelle de membre (par 26097)', '2025-05-19 15:47:04'),
(29, 1, 214, 'Achat essence', '2025-05-19 16:01:11'),
(30, 1, 105, 'Achat tenue', '2025-05-19 16:02:20'),
(31, 1, 105, 'Achat tenue', '2025-05-19 16:02:26'),
(32, 1, 105, 'Achat tenue', '2025-05-19 16:02:32'),
(33, 1, 105, 'Achat tenue', '2025-05-19 16:02:36'),
(34, 1, 105, 'Achat tenue', '2025-05-19 16:02:42'),
(35, 1, 105, 'Achat tenue', '2025-05-19 16:02:49'),
(36, 1, 5, 'Achat tenue', '2025-05-19 16:03:13'),
(37, 1, 5, 'Achat tenue', '2025-05-19 16:03:19'),
(38, 1, 5, 'Achat tenue', '2025-05-19 16:03:25'),
(39, 1, 5, 'Achat tenue', '2025-05-19 16:03:28'),
(40, 1, 5, 'Achat tenue', '2025-05-19 16:03:33'),
(41, 1, 5, 'Achat tenue', '2025-05-19 16:03:37'),
(42, 1, 28, 'Achat essence', '2025-05-19 16:08:14'),
(43, 1, 242, 'Achat essence', '2025-05-19 22:19:44'),
(44, 1, 12000, 'Paiement facture 1143808', '2025-05-19 22:35:04'),
(45, 1, 5000, 'Paye ponctuelle de membre (par 26097)', '2025-05-19 23:57:33'),
(46, 1, 18, 'Achat essence', '2025-05-20 01:48:04'),
(47, 1, 29, 'Achat essence', '2025-05-20 02:07:09'),
(48, 1, 6, 'Achat essence', '2025-05-20 02:07:28'),
(49, 1, 15000, 'Paye ponctuelle de membre (par 26097)', '2025-05-20 02:21:32'),
(50, 1, 600, 'Paiement facture 1144626', '2025-05-20 02:24:08'),
(51, 1, 283400, 'Paiement facture 1144638', '2025-05-20 02:31:46'),
(52, 1, 29864, 'Paiement facture 1144654', '2025-05-20 02:40:18'),
(53, 1, 1600, 'Paiement loyer LTD LS | 797-0272', '2025-05-20 10:09:24'),
(54, 1, 625, 'Paiement loyer Vicente Carrillo.F | 797-7072', '2025-05-20 13:58:34'),
(55, 1, 250, 'Paiement loyer Vicente Carrillo | 797-0272', '2025-05-20 17:38:40'),
(56, 1, 1250, 'Achat boutique N°215', '2025-05-20 23:30:41'),
(57, 1, 1050, 'Achat boutique N°215', '2025-05-20 23:31:18'),
(58, 1, 144, 'Achat essence', '2025-05-20 23:33:10'),
(59, 1, 7500, 'Achat boutique N°215', '2025-05-20 23:35:35'),
(60, 1, 176798, 'Transfert N°6087 -> N°34617', '2025-05-20 23:36:00'),
(61, 1, 900, 'Achat boutique N°264', '2025-05-20 23:37:50'),
(62, 1, 900, 'Achat boutique N°264', '2025-05-20 23:37:59'),
(63, 1, 63, 'Achat essence', '2025-05-20 23:40:17'),
(64, 1, 125, 'CarWash', '2025-05-20 23:40:24'),
(65, 1, 100, 'Achat clé', '2025-05-20 23:47:54'),
(66, 1, 100, 'Achat clé', '2025-05-20 23:47:56'),
(67, 1, 186, 'Achat essence', '2025-05-21 01:58:51'),
(68, 1, 18750, 'Achat boutique N°215', '2025-05-21 02:00:01'),
(69, 1, 500, 'Achat boutique N°215', '2025-05-21 02:00:27'),
(70, 1, 1600, 'Paiement loyer LTD LS | 797-0272', '2025-05-21 09:42:49'),
(71, 1, 625, 'Paiement loyer Vicente Carrillo.F | 797-7072', '2025-05-21 14:14:08');

-- --------------------------------------------------------

--
-- Structure de la table `permissions`
--

CREATE TABLE `permissions` (
  `id` int NOT NULL,
  `name` varchar(50) NOT NULL
) ENGINE=InnoDB DEFAULT CHARSET=utf8mb4 COLLATE=utf8mb4_0900_ai_ci;

--
-- Déchargement des données de la table `permissions`
--

INSERT INTO `permissions` (`id`, `name`) VALUES
(2, 'MANAGE_COMPANY'),
(1, 'MANAGE_EMPLOYEES');

-- --------------------------------------------------------

--
-- Structure de la table `pumps`
--

CREATE TABLE `pumps` (
  `id` int NOT NULL,
  `company_id` int NOT NULL,
  `ingame_id` int DEFAULT NULL,
  `label` varchar(25) CHARACTER SET utf8mb4 COLLATE utf8mb4_unicode_ci NOT NULL,
  `price` float NOT NULL,
  `fuel` int NOT NULL DEFAULT '0',
  `limit` int NOT NULL DEFAULT '0',
  `alert_amount` int NOT NULL DEFAULT '0',
  `created_at` timestamp NULL DEFAULT NULL,
  `updated_at` timestamp NULL DEFAULT NULL
) ENGINE=InnoDB DEFAULT CHARSET=utf8mb4 COLLATE=utf8mb4_unicode_ci;

--
-- Déchargement des données de la table `pumps`
--

INSERT INTO `pumps` (`id`, `company_id`, `ingame_id`, `label`, `price`, `fuel`, `limit`, `alert_amount`, `created_at`, `updated_at`) VALUES
(1, 1, 16552, 'Little Seoul', 3.5, 3518, 15000, 9000, '2024-10-23 12:50:06', '2024-10-25 05:26:17'),
(2, 1, 16495, 'Vespucci', 4, 3086, 5000, 3000, '2024-10-23 14:13:45', '2024-10-25 05:27:15'),
(3, 1, 15784, 'Marina', 5, 2257, 2500, 500, '2024-10-23 14:14:27', '2024-10-25 05:27:18'),
(4, 1, 16446, 'Innocence Boulevard', 4, 3012, 20000, 3000, '2024-10-23 14:14:38', '2024-10-25 05:27:21'),
(5, 1, 16478, 'Morningwood', 4, 6240, 10000, 3000, '2024-10-23 14:18:29', '2024-10-25 05:27:24'),
(6, 1, 16304, 'Ocean Highway', 4, 2918, 22500, 5000, '2024-10-23 14:18:46', '2024-10-25 05:27:27'),
(7, 1, 16587, 'Richman Glen', 4, 5559, 15000, 3000, '2024-10-23 14:18:34', NULL);

-- --------------------------------------------------------

--
-- Structure de la table `pumps_incomes`
--

CREATE TABLE `pumps_incomes` (
  `id` int NOT NULL,
  `pump_id` int NOT NULL,
  `amount` int NOT NULL,
  `date` datetime NOT NULL DEFAULT CURRENT_TIMESTAMP
) ENGINE=InnoDB DEFAULT CHARSET=utf8mb4 COLLATE=utf8mb4_0900_ai_ci;

--
-- Déchargement des données de la table `pumps_incomes`
--

INSERT INTO `pumps_incomes` (`id`, `pump_id`, `amount`, `date`) VALUES
(1, 1, 28, '2025-05-17 21:30:17'),
(2, 2, 76, '2025-05-17 21:37:09'),
(3, 1, 98, '2025-05-17 21:44:36'),
(4, 4, 116, '2025-05-17 22:17:04'),
(5, 1, 32, '2025-05-17 22:17:13'),
(6, 5, 36, '2025-05-17 22:17:38'),
(7, 2, 100, '2025-05-17 22:24:43'),
(8, 1, 116, '2025-05-17 22:24:44'),
(9, 5, 176, '2025-05-17 22:24:47'),
(10, 1, 158, '2025-05-17 22:32:38'),
(11, 6, 116, '2025-05-17 22:40:40'),
(12, 1, 39, '2025-05-17 22:40:43'),
(13, 2, 160, '2025-05-17 22:40:44'),
(14, 5, 148, '2025-05-17 22:55:25'),
(15, 2, 136, '2025-05-17 22:55:27'),
(16, 6, 112, '2025-05-17 22:55:29'),
(17, 1, 119, '2025-05-17 22:55:30'),
(18, 1, 84, '2025-05-17 22:55:33'),
(19, 1, 60, '2025-05-17 22:56:21'),
(20, 4, 84, '2025-05-17 23:04:07'),
(21, 6, 84, '2025-05-17 23:11:48'),
(22, 6, 24, '2025-05-17 23:12:29'),
(23, 4, 48, '2025-05-17 23:12:37'),
(24, 4, 100, '2025-05-17 23:12:53'),
(25, 5, 84, '2025-05-17 23:12:54'),
(26, 5, 44, '2025-05-17 23:40:24'),
(27, 6, 40, '2025-05-17 23:47:20'),
(28, 1, 151, '2025-05-17 23:47:42'),
(29, 4, 52, '2025-05-17 23:54:32'),
(30, 1, 56, '2025-05-17 23:54:37'),
(31, 1, 116, '2025-05-17 23:54:47'),
(32, 5, 188, '2025-05-17 23:54:53'),
(33, 6, 56, '2025-05-17 23:55:03'),
(34, 6, 136, '2025-05-17 23:55:29'),
(35, 5, 164, '2025-05-17 23:55:33'),
(36, 5, 124, '2025-05-17 23:55:37'),
(37, 1, 102, '2025-05-17 23:55:42'),
(38, 1, 196, '2025-05-17 23:55:49'),
(39, 1, 123, '2025-05-17 23:55:50'),
(40, 1, 74, '2025-05-17 23:55:58'),
(41, 5, 112, '2025-05-17 23:56:16'),
(42, 4, 84, '2025-05-17 23:56:19'),
(43, 6, 124, '2025-05-17 23:56:23'),
(44, 4, 28, '2025-05-17 23:56:37'),
(45, 7, 272, '2025-05-17 23:56:39'),
(46, 7, 220, '2025-05-17 23:56:39'),
(47, 1, 49, '2025-05-17 23:57:36'),
(48, 1, 84, '2025-05-17 23:57:38'),
(49, 1, 95, '2025-05-17 23:57:46'),
(50, 5, 188, '2025-05-17 23:57:57'),
(51, 2, 140, '2025-05-17 23:58:03'),
(52, 1, 119, '2025-05-17 23:58:12'),
(53, 6, 96, '2025-05-17 23:58:16'),
(54, 5, 32, '2025-05-17 23:58:23'),
(55, 5, 60, '2025-05-17 23:58:25'),
(56, 5, 192, '2025-05-17 23:58:28'),
(57, 5, 120, '2025-05-17 23:58:30'),
(58, 4, 68, '2025-05-17 23:58:33'),
(59, 5, 172, '2025-05-17 23:58:34'),
(60, 2, 180, '2025-05-17 23:58:35'),
(61, 1, 91, '2025-05-17 23:58:54'),
(62, 6, 8, '2025-05-17 23:59:05'),
(63, 1, 70, '2025-05-17 23:59:08'),
(64, 6, 128, '2025-05-17 23:59:08'),
(65, 1, 112, '2025-05-17 23:59:15'),
(66, 1, 116, '2025-05-17 23:59:31'),
(67, 2, 156, '2025-05-17 23:59:38'),
(68, 1, 126, '2025-05-17 23:59:41'),
(69, 4, 100, '2025-05-17 23:59:45'),
(70, 5, 52, '2025-05-17 23:59:52'),
(71, 6, 88, '2025-05-17 23:59:55'),
(72, 4, 148, '2025-05-18 00:00:06'),
(73, 2, 100, '2025-05-18 00:00:22'),
(74, 4, 100, '2025-05-18 00:00:33'),
(75, 5, 136, '2025-05-18 00:01:15'),
(76, 5, 160, '2025-05-18 00:01:26'),
(77, 4, 104, '2025-05-18 00:01:33'),
(78, 6, 164, '2025-05-18 00:01:34'),
(79, 2, 64, '2025-05-18 00:01:41'),
(80, 2, 112, '2025-05-18 00:01:41'),
(81, 2, 112, '2025-05-18 00:01:49'),
(82, 6, 96, '2025-05-18 00:02:07'),
(83, 1, 119, '2025-05-18 00:02:24'),
(84, 1, 126, '2025-05-18 00:02:32'),
(85, 4, 136, '2025-05-18 00:02:41'),
(86, 6, 176, '2025-05-18 00:02:44'),
(87, 1, 60, '2025-05-18 00:02:49'),
(88, 5, 140, '2025-05-18 00:02:52'),
(89, 4, 68, '2025-05-18 00:02:53'),
(90, 6, 160, '2025-05-18 00:10:13'),
(91, 7, 176, '2025-05-18 00:10:29'),
(92, 3, 125, '2025-05-18 00:10:32'),
(93, 6, 124, '2025-05-18 00:10:33'),
(94, 5, 96, '2025-05-18 00:10:54'),
(95, 6, 164, '2025-05-18 00:11:46'),
(96, 5, 120, '2025-05-18 00:12:08'),
(97, 5, 60, '2025-05-18 00:12:12'),
(98, 4, 140, '2025-05-18 00:13:01'),
(99, 2, 80, '2025-05-18 00:13:13'),
(100, 5, 132, '2025-05-18 00:13:31'),
(101, 5, 124, '2025-05-18 00:13:46'),
(102, 1, 98, '2025-05-18 00:14:04'),
(103, 5, 128, '2025-05-18 00:14:36'),
(104, 1, 200, '2025-05-18 00:14:39'),
(105, 1, 70, '2025-05-18 00:14:41'),
(106, 4, 152, '2025-05-18 00:14:55'),
(107, 4, 140, '2025-05-18 00:14:57'),
(108, 1, 116, '2025-05-18 00:14:58'),
(109, 5, 92, '2025-05-18 00:15:14'),
(110, 5, 108, '2025-05-18 00:15:18'),
(111, 1, 25, '2025-05-18 00:15:28'),
(112, 2, 108, '2025-05-18 00:15:36'),
(113, 1, 32, '2025-05-18 00:15:46'),
(114, 1, 28, '2025-05-18 00:15:51'),
(115, 5, 92, '2025-05-18 00:16:03'),
(116, 4, 152, '2025-05-18 00:16:14'),
(117, 5, 104, '2025-05-18 00:16:25'),
(118, 6, 168, '2025-05-18 00:16:33'),
(119, 7, 140, '2025-05-18 00:16:37'),
(120, 1, 91, '2025-05-18 00:16:40'),
(121, 6, 128, '2025-05-18 00:16:42'),
(122, 6, 112, '2025-05-18 00:16:47'),
(123, 4, 152, '2025-05-18 00:16:47'),
(124, 1, 88, '2025-05-18 00:17:02'),
(125, 5, 148, '2025-05-18 00:17:13'),
(126, 5, 136, '2025-05-18 00:17:22'),
(127, 5, 160, '2025-05-18 00:27:56'),
(128, 5, 28, '2025-05-18 00:28:05'),
(129, 6, 156, '2025-05-18 00:28:18'),
(130, 7, 116, '2025-05-18 00:28:43'),
(131, 6, 232, '2025-05-18 00:28:46'),
(132, 6, 176, '2025-05-18 00:28:51'),
(133, 1, 91, '2025-05-18 00:29:09'),
(134, 5, 144, '2025-05-18 00:29:24'),
(135, 1, 4, '2025-05-18 00:29:32'),
(136, 1, 102, '2025-05-18 00:29:35'),
(137, 1, 112, '2025-05-18 00:30:54'),
(138, 6, 156, '2025-05-18 00:31:09'),
(139, 1, 67, '2025-05-18 00:31:21'),
(140, 2, 172, '2025-05-18 00:39:01'),
(141, 2, 100, '2025-05-18 00:39:02'),
(142, 5, 84, '2025-05-18 00:46:35'),
(143, 4, 56, '2025-05-18 00:47:17'),
(144, 5, 160, '2025-05-18 00:47:17'),
(145, 5, 56, '2025-05-18 00:47:48'),
(146, 6, 104, '2025-05-18 00:47:57'),
(147, 5, 120, '2025-05-18 00:48:08'),
(148, 1, 98, '2025-05-18 00:48:13'),
(149, 1, 119, '2025-05-18 00:48:14'),
(150, 5, 224, '2025-05-18 00:48:16'),
(151, 5, 124, '2025-05-18 00:48:21'),
(152, 1, 105, '2025-05-18 00:48:34'),
(153, 7, 136, '2025-05-18 00:48:51'),
(154, 4, 92, '2025-05-18 00:48:55'),
(155, 4, 100, '2025-05-18 00:48:58'),
(156, 7, 132, '2025-05-18 00:49:06'),
(157, 1, 154, '2025-05-18 00:49:09'),
(158, 4, 144, '2025-05-18 00:49:12'),
(159, 5, 108, '2025-05-18 00:49:13'),
(160, 1, 46, '2025-05-18 00:49:21'),
(161, 1, 137, '2025-05-18 00:49:30'),
(162, 1, 165, '2025-05-18 00:49:56'),
(163, 1, 133, '2025-05-18 00:49:56'),
(164, 4, 84, '2025-05-18 00:50:03'),
(165, 5, 100, '2025-05-18 00:50:03'),
(166, 4, 92, '2025-05-18 00:50:03'),
(167, 4, 104, '2025-05-18 00:50:04'),
(168, 4, 72, '2025-05-18 00:50:04'),
(169, 6, 88, '2025-05-18 00:50:05'),
(170, 1, 70, '2025-05-18 00:50:07'),
(171, 4, 184, '2025-05-18 00:50:11'),
(172, 5, 84, '2025-05-18 00:50:20'),
(173, 2, 48, '2025-05-18 00:50:28'),
(174, 6, 108, '2025-05-18 00:50:36'),
(175, 4, 160, '2025-05-18 00:50:43'),
(176, 1, 116, '2025-05-18 00:50:44'),
(177, 5, 52, '2025-05-18 00:51:12'),
(178, 1, 70, '2025-05-18 00:51:25'),
(179, 5, 108, '2025-05-18 00:51:28'),
(180, 4, 60, '2025-05-18 00:51:30'),
(181, 5, 188, '2025-05-18 00:51:31'),
(182, 5, 56, '2025-05-18 00:51:47'),
(183, 4, 88, '2025-05-18 00:51:48'),
(184, 5, 92, '2025-05-18 00:51:50'),
(185, 6, 64, '2025-05-18 00:51:56'),
(186, 5, 208, '2025-05-18 00:52:10'),
(187, 7, 116, '2025-05-18 00:52:23'),
(188, 1, 147, '2025-05-18 00:52:28'),
(189, 1, 137, '2025-05-18 00:52:45'),
(190, 6, 216, '2025-05-18 00:52:53'),
(191, 5, 16, '2025-05-18 00:53:05'),
(192, 5, 68, '2025-05-18 00:53:08'),
(193, 1, 77, '2025-05-18 00:53:08'),
(194, 5, 8, '2025-05-18 00:53:10'),
(195, 1, 56, '2025-05-18 00:53:12'),
(196, 6, 80, '2025-05-18 00:53:13'),
(197, 4, 132, '2025-05-18 00:53:20'),
(198, 5, 8, '2025-05-18 00:53:40'),
(199, 6, 120, '2025-05-18 00:53:41'),
(200, 5, 4, '2025-05-18 00:53:41'),
(201, 6, 116, '2025-05-18 00:53:49'),
(202, 6, 48, '2025-05-18 00:53:50'),
(203, 6, 36, '2025-05-18 00:53:56'),
(204, 1, 105, '2025-05-18 00:54:04'),
(205, 5, 12, '2025-05-18 00:54:07'),
(206, 1, 105, '2025-05-18 00:54:11'),
(207, 6, 140, '2025-05-18 00:54:11'),
(208, 6, 180, '2025-05-18 00:54:20'),
(209, 1, 77, '2025-05-18 00:54:22'),
(210, 1, 144, '2025-05-18 01:06:50'),
(211, 1, 60, '2025-05-18 01:07:12'),
(212, 6, 180, '2025-05-18 01:07:19'),
(213, 1, 56, '2025-05-18 01:07:21'),
(214, 6, 176, '2025-05-18 01:07:23'),
(215, 1, 56, '2025-05-18 01:07:24'),
(216, 4, 96, '2025-05-18 01:07:25'),
(217, 1, 77, '2025-05-18 01:07:30'),
(218, 2, 236, '2025-05-18 01:07:31'),
(219, 1, 116, '2025-05-18 01:07:32'),
(220, 6, 64, '2025-05-18 01:07:43'),
(221, 6, 96, '2025-05-18 01:07:47'),
(222, 1, 165, '2025-05-18 01:07:52'),
(223, 4, 84, '2025-05-18 01:08:04'),
(224, 4, 104, '2025-05-18 01:08:13'),
(225, 7, 132, '2025-05-18 01:08:15'),
(226, 6, 160, '2025-05-18 01:08:40'),
(227, 4, 88, '2025-05-18 01:08:43'),
(228, 2, 64, '2025-05-18 01:08:45'),
(229, 4, 148, '2025-05-18 01:08:45'),
(230, 4, 140, '2025-05-18 01:08:54'),
(231, 4, 140, '2025-05-18 01:09:01'),
(232, 1, 77, '2025-05-18 01:09:15'),
(233, 6, 100, '2025-05-18 01:09:18'),
(234, 1, 105, '2025-05-18 01:09:19'),
(235, 4, 64, '2025-05-18 01:09:26'),
(236, 1, 67, '2025-05-18 01:09:40'),
(237, 4, 132, '2025-05-18 01:09:42'),
(238, 1, 84, '2025-05-18 01:09:46'),
(239, 6, 112, '2025-05-18 01:09:48'),
(240, 1, 98, '2025-05-18 01:09:49'),
(241, 7, 108, '2025-05-18 01:09:51'),
(242, 1, 140, '2025-05-18 01:09:52'),
(243, 1, 126, '2025-05-18 01:10:12'),
(244, 1, 119, '2025-05-18 01:18:52'),
(245, 1, 116, '2025-05-18 01:18:56'),
(246, 6, 144, '2025-05-18 01:19:02'),
(247, 6, 152, '2025-05-18 01:19:02'),
(248, 1, 154, '2025-05-18 01:19:04'),
(249, 7, 164, '2025-05-18 01:19:08'),
(250, 1, 77, '2025-05-18 01:19:09'),
(251, 6, 152, '2025-05-18 01:19:22'),
(252, 1, 56, '2025-05-18 01:19:23'),
(253, 1, 102, '2025-05-18 01:19:34'),
(254, 2, 144, '2025-05-18 01:19:51'),
(255, 6, 164, '2025-05-18 01:20:00'),
(256, 1, 123, '2025-05-18 01:20:10'),
(257, 1, 123, '2025-05-18 01:20:11'),
(258, 6, 88, '2025-05-18 01:20:11'),
(259, 6, 136, '2025-05-18 01:20:14'),
(260, 6, 132, '2025-05-18 01:20:14'),
(261, 7, 112, '2025-05-18 01:20:17'),
(262, 6, 128, '2025-05-18 01:20:32'),
(263, 6, 148, '2025-05-18 01:20:38'),
(264, 1, 133, '2025-05-18 01:21:04'),
(265, 1, 88, '2025-05-18 01:21:27'),
(266, 2, 92, '2025-05-18 01:21:27'),
(267, 1, 158, '2025-05-18 01:21:28'),
(268, 1, 95, '2025-05-18 01:21:40'),
(269, 1, 140, '2025-05-18 01:22:09'),
(270, 6, 156, '2025-05-18 01:22:22'),
(271, 1, 95, '2025-05-18 01:22:38'),
(272, 1, 95, '2025-05-18 01:22:46'),
(273, 1, 102, '2025-05-18 01:22:47'),
(274, 1, 158, '2025-05-18 01:22:48'),
(275, 2, 80, '2025-05-18 01:22:56'),
(276, 1, 91, '2025-05-18 01:23:09'),
(277, 1, 109, '2025-05-18 01:23:15'),
(278, 1, 91, '2025-05-18 01:23:16'),
(279, 1, 112, '2025-05-18 01:23:29'),
(280, 1, 193, '2025-05-18 01:23:36'),
(281, 1, 39, '2025-05-18 01:23:36'),
(282, 6, 72, '2025-05-18 01:23:38'),
(283, 1, 102, '2025-05-18 01:23:47'),
(284, 4, 212, '2025-05-18 01:23:49'),
(285, 1, 70, '2025-05-18 01:23:55'),
(286, 1, 74, '2025-05-18 01:23:56'),
(287, 1, 53, '2025-05-18 01:23:56'),
(288, 1, 60, '2025-05-18 01:23:57'),
(289, 1, 67, '2025-05-18 01:23:57'),
(290, 1, 67, '2025-05-18 01:23:58'),
(291, 1, 70, '2025-05-18 01:23:59'),
(292, 1, 102, '2025-05-18 01:24:00'),
(293, 1, 123, '2025-05-18 01:24:01'),
(294, 4, 132, '2025-05-18 01:24:03'),
(295, 7, 112, '2025-05-18 01:24:06'),
(296, 7, 132, '2025-05-18 01:24:10'),
(297, 7, 84, '2025-05-18 01:24:21'),
(298, 1, 126, '2025-05-18 01:24:27'),
(299, 6, 184, '2025-05-18 01:24:28'),
(300, 3, 20, '2025-05-18 01:24:28'),
(301, 3, 25, '2025-05-18 01:24:28'),
(302, 3, 180, '2025-05-18 01:24:35'),
(303, 1, 158, '2025-05-18 01:24:35'),
(304, 3, 75, '2025-05-18 01:24:41'),
(305, 1, 81, '2025-05-18 01:24:54'),
(306, 1, 109, '2025-05-18 01:25:03'),
(307, 1, 123, '2025-05-18 01:25:20'),
(308, 2, 136, '2025-05-18 01:25:21'),
(309, 6, 100, '2025-05-18 01:25:24'),
(310, 1, 133, '2025-05-18 01:25:29'),
(311, 6, 84, '2025-05-18 01:25:30'),
(312, 6, 112, '2025-05-18 01:25:33'),
(313, 7, 160, '2025-05-18 01:25:41'),
(314, 1, 105, '2025-05-18 01:25:43'),
(315, 1, 102, '2025-05-18 01:25:48'),
(316, 1, 105, '2025-05-18 01:25:51'),
(317, 1, 119, '2025-05-18 01:25:54'),
(318, 4, 124, '2025-05-18 01:26:41'),
(319, 7, 116, '2025-05-18 01:26:43'),
(320, 6, 92, '2025-05-18 01:33:44'),
(321, 4, 104, '2025-05-18 01:34:18'),
(322, 4, 12, '2025-05-18 01:34:18'),
(323, 1, 133, '2025-05-18 01:34:22'),
(324, 2, 120, '2025-05-18 01:34:26'),
(325, 6, 168, '2025-05-18 01:34:32'),
(326, 1, 35, '2025-05-18 01:34:40'),
(327, 4, 120, '2025-05-18 01:34:40'),
(328, 1, 151, '2025-05-18 01:34:50'),
(329, 6, 76, '2025-05-18 01:34:56'),
(330, 1, 67, '2025-05-18 01:35:02'),
(331, 1, 235, '2025-05-18 01:35:25'),
(332, 4, 100, '2025-05-18 01:35:38'),
(333, 6, 56, '2025-05-18 01:35:38'),
(334, 4, 136, '2025-05-18 01:35:58'),
(335, 2, 76, '2025-05-18 01:35:59'),
(336, 2, 116, '2025-05-18 01:36:00'),
(337, 6, 132, '2025-05-18 01:36:03'),
(338, 6, 88, '2025-05-18 01:36:06'),
(339, 6, 68, '2025-05-18 01:36:08'),
(340, 4, 128, '2025-05-18 01:36:08'),
(341, 1, 60, '2025-05-18 01:36:11'),
(342, 1, 88, '2025-05-18 01:36:11'),
(343, 1, 102, '2025-05-18 01:36:19'),
(344, 1, 98, '2025-05-18 01:43:46'),
(345, 1, 105, '2025-05-18 01:43:49'),
(346, 2, 4, '2025-05-18 01:44:01'),
(347, 2, 88, '2025-05-18 01:44:02'),
(348, 6, 160, '2025-05-18 01:44:03'),
(349, 2, 28, '2025-05-18 01:44:03'),
(350, 6, 164, '2025-05-18 01:44:06'),
(351, 1, 77, '2025-05-18 01:44:15'),
(352, 4, 92, '2025-05-18 01:44:27'),
(353, 4, 48, '2025-05-18 01:49:59'),
(354, 1, 140, '2025-05-18 01:51:55'),
(355, 7, 144, '2025-05-18 01:56:39'),
(356, 6, 108, '2025-05-18 01:58:04'),
(357, 1, 67, '2025-05-18 01:58:10'),
(358, 1, 165, '2025-05-18 01:58:14'),
(359, 1, 25, '2025-05-18 01:58:28'),
(360, 1, 35, '2025-05-18 01:58:57'),
(361, 1, 133, '2025-05-18 01:59:59'),
(362, 1, 126, '2025-05-18 02:03:31'),
(363, 1, 84, '2025-05-18 02:06:16'),
(364, 6, 104, '2025-05-18 02:06:36'),
(365, 3, 175, '2025-05-18 02:07:41'),
(366, 3, 60, '2025-05-18 02:08:10'),
(367, 1, 70, '2025-05-18 02:12:48'),
(368, 2, 148, '2025-05-18 02:13:16'),
(369, 3, 375, '2025-05-18 02:16:38'),
(370, 4, 112, '2025-05-18 02:17:47'),
(371, 1, 98, '2025-05-18 02:18:12'),
(372, 6, 132, '2025-05-18 02:19:18'),
(373, 1, 123, '2025-05-18 02:20:10'),
(374, 1, 144, '2025-05-18 02:22:07'),
(375, 1, 74, '2025-05-18 02:22:26'),
(376, 1, 119, '2025-05-18 02:23:56'),
(377, 6, 84, '2025-05-18 02:24:28'),
(378, 1, 42, '2025-05-18 02:28:12'),
(379, 6, 36, '2025-05-18 02:30:28'),
(380, 6, 104, '2025-05-18 02:44:29'),
(381, 1, 140, '2025-05-18 02:51:50'),
(382, 1, 112, '2025-05-18 02:56:59'),
(383, 7, 144, '2025-05-18 02:57:04'),
(384, 6, 112, '2025-05-18 02:57:12'),
(385, 1, 144, '2025-05-18 02:57:51'),
(386, 1, 158, '2025-05-18 03:04:06'),
(387, 1, 88, '2025-05-18 03:04:34'),
(388, 6, 68, '2025-05-18 03:06:44'),
(389, 6, 144, '2025-05-18 03:07:01'),
(390, 6, 124, '2025-05-18 03:16:10'),
(391, 6, 156, '2025-05-18 03:21:23'),
(392, 1, 56, '2025-05-18 03:27:36'),
(393, 1, 130, '2025-05-18 03:28:46'),
(394, 6, 60, '2025-05-18 03:30:22'),
(395, 7, 80, '2025-05-18 03:32:01'),
(396, 1, 154, '2025-05-18 03:33:08'),
(397, 7, 40, '2025-05-18 03:34:06'),
(398, 1, 91, '2025-05-18 03:34:11'),
(399, 1, 70, '2025-05-18 03:36:03'),
(400, 6, 92, '2025-05-18 03:37:31'),
(401, 2, 164, '2025-05-18 03:42:25'),
(402, 1, 105, '2025-05-18 03:43:40'),
(403, 6, 164, '2025-05-18 03:55:02'),
(404, 1, 147, '2025-05-18 04:00:05'),
(405, 2, 100, '2025-05-18 04:01:14'),
(406, 7, 92, '2025-05-18 04:07:49'),
(407, 1, 140, '2025-05-18 04:09:01'),
(408, 1, 112, '2025-05-18 04:15:30'),
(409, 1, 147, '2025-05-18 04:17:52'),
(410, 1, 130, '2025-05-18 04:28:40'),
(411, 6, 40, '2025-05-18 04:33:04'),
(412, 4, 96, '2025-05-18 04:36:36'),
(413, 1, 70, '2025-05-18 04:39:17'),
(414, 6, 84, '2025-05-18 04:41:50'),
(415, 1, 158, '2025-05-18 04:43:51'),
(416, 6, 204, '2025-05-18 04:44:10'),
(417, 1, 77, '2025-05-18 04:44:59'),
(418, 6, 56, '2025-05-18 04:51:01'),
(419, 1, 109, '2025-05-18 04:52:27'),
(420, 7, 52, '2025-05-18 04:56:15'),
(421, 1, 109, '2025-05-18 04:58:46'),
(422, 6, 76, '2025-05-18 04:59:06'),
(423, 1, 70, '2025-05-18 04:59:36'),
(424, 1, 119, '2025-05-18 05:04:11'),
(425, 1, 109, '2025-05-18 05:05:27'),
(426, 6, 64, '2025-05-18 05:06:22'),
(427, 1, 158, '2025-05-18 05:07:04'),
(428, 1, 35, '2025-05-18 05:08:17'),
(429, 1, 168, '2025-05-18 05:13:43'),
(430, 7, 40, '2025-05-18 05:18:31'),
(431, 7, 44, '2025-05-18 05:18:48'),
(432, 1, 172, '2025-05-18 05:29:05'),
(433, 1, 46, '2025-05-18 05:32:33'),
(434, 1, 102, '2025-05-18 05:46:38'),
(435, 4, 140, '2025-05-18 06:11:24'),
(436, 2, 148, '2025-05-18 06:14:27'),
(437, 2, 100, '2025-05-18 06:30:43'),
(438, 4, 220, '2025-05-18 07:36:27'),
(439, 6, 152, '2025-05-18 08:27:07'),
(440, 4, 60, '2025-05-18 16:27:18'),
(441, 7, 192, '2025-05-18 19:48:45'),
(442, 6, 100, '2025-05-18 19:48:57'),
(443, 6, 132, '2025-05-18 19:48:58'),
(444, 2, 64, '2025-05-18 19:49:00'),
(445, 4, 72, '2025-05-18 19:49:05'),
(446, 1, 130, '2025-05-18 19:49:11'),
(447, 6, 120, '2025-05-18 19:49:11'),
(448, 6, 124, '2025-05-18 19:49:16'),
(449, 7, 88, '2025-05-18 19:49:41'),
(450, 1, 133, '2025-05-18 20:07:00'),
(451, 1, 140, '2025-05-18 20:07:50'),
(452, 1, 74, '2025-05-18 20:07:59'),
(453, 1, 147, '2025-05-18 20:07:59'),
(454, 1, 95, '2025-05-18 20:08:06'),
(455, 7, 64, '2025-05-18 20:20:04'),
(456, 1, 95, '2025-05-18 20:20:06'),
(457, 6, 132, '2025-05-18 20:20:09'),
(458, 1, 95, '2025-05-18 20:20:27'),
(459, 6, 40, '2025-05-18 20:21:03'),
(460, 1, 126, '2025-05-18 20:33:54'),
(461, 1, 91, '2025-05-18 20:34:50'),
(462, 1, 74, '2025-05-18 20:34:52'),
(463, 4, 164, '2025-05-18 20:34:58'),
(464, 6, 112, '2025-05-18 20:34:59'),
(465, 6, 20, '2025-05-18 20:45:05'),
(466, 6, 36, '2025-05-18 20:45:09'),
(467, 6, 24, '2025-05-18 20:45:11'),
(468, 6, 24, '2025-05-18 20:45:14'),
(469, 6, 100, '2025-05-18 20:46:07'),
(470, 2, 44, '2025-05-18 21:16:37'),
(471, 4, 80, '2025-05-18 21:16:55'),
(472, 1, 133, '2025-05-18 21:17:17'),
(473, 7, 116, '2025-05-18 21:17:44'),
(474, 4, 160, '2025-05-18 21:18:03'),
(475, 4, 136, '2025-05-18 21:18:29'),
(476, 2, 4, '2025-05-18 21:18:30'),
(477, 2, 44, '2025-05-18 21:18:32'),
(478, 5, 132, '2025-05-18 21:18:43'),
(479, 1, 7, '2025-05-18 21:18:47'),
(480, 1, 67, '2025-05-18 21:19:25'),
(481, 5, 52, '2025-05-18 21:19:26'),
(482, 5, 224, '2025-05-18 21:28:01'),
(483, 5, 168, '2025-05-18 21:28:06'),
(484, 1, 49, '2025-05-18 21:28:19'),
(485, 5, 136, '2025-05-18 21:36:03'),
(486, 7, 84, '2025-05-18 21:36:04'),
(487, 6, 72, '2025-05-18 21:36:14'),
(488, 1, 91, '2025-05-18 21:36:15'),
(489, 2, 112, '2025-05-18 21:43:48'),
(490, 4, 112, '2025-05-18 21:44:05'),
(491, 1, 116, '2025-05-18 21:44:07'),
(492, 2, 96, '2025-05-18 21:44:11'),
(493, 5, 56, '2025-05-18 21:44:18'),
(494, 1, 63, '2025-05-18 21:44:28'),
(495, 5, 112, '2025-05-18 21:44:36'),
(496, 1, 91, '2025-05-18 21:44:47'),
(497, 4, 120, '2025-05-18 21:44:48'),
(498, 5, 132, '2025-05-18 21:44:53'),
(499, 1, 105, '2025-05-18 21:45:27'),
(500, 5, 100, '2025-05-18 21:45:30'),
(501, 6, 160, '2025-05-18 21:45:38'),
(502, 6, 140, '2025-05-18 21:45:40'),
(503, 1, 116, '2025-05-18 21:45:40'),
(504, 5, 96, '2025-05-18 21:45:59'),
(505, 1, 119, '2025-05-18 21:46:06'),
(506, 6, 128, '2025-05-18 21:46:14'),
(507, 6, 128, '2025-05-18 21:46:37'),
(508, 6, 112, '2025-05-18 21:47:08'),
(509, 2, 100, '2025-05-18 21:47:14'),
(510, 1, 84, '2025-05-18 21:47:17'),
(511, 1, 112, '2025-05-18 21:47:38'),
(512, 1, 74, '2025-05-18 21:47:42'),
(513, 1, 53, '2025-05-18 21:47:42'),
(514, 4, 68, '2025-05-18 21:47:52'),
(515, 4, 100, '2025-05-18 21:48:30'),
(516, 5, 116, '2025-05-18 21:48:31'),
(517, 4, 88, '2025-05-18 21:48:35'),
(518, 5, 204, '2025-05-18 21:49:04'),
(519, 1, 109, '2025-05-18 21:49:22'),
(520, 1, 46, '2025-05-18 21:49:27'),
(521, 5, 80, '2025-05-18 21:49:44'),
(522, 5, 136, '2025-05-18 21:49:47'),
(523, 1, 102, '2025-05-18 21:49:56'),
(524, 1, 53, '2025-05-18 21:50:00'),
(525, 2, 112, '2025-05-18 21:50:04'),
(526, 4, 44, '2025-05-18 21:50:14'),
(527, 1, 116, '2025-05-18 21:50:28'),
(528, 1, 158, '2025-05-18 21:50:32'),
(529, 5, 120, '2025-05-18 21:50:32'),
(530, 1, 172, '2025-05-18 21:50:33'),
(531, 1, 53, '2025-05-18 21:50:45'),
(532, 3, 320, '2025-05-18 21:50:52'),
(533, 1, 70, '2025-05-18 21:51:14'),
(534, 5, 180, '2025-05-18 21:51:29'),
(535, 6, 180, '2025-05-18 21:51:41'),
(536, 5, 124, '2025-05-18 21:51:42'),
(537, 5, 80, '2025-05-18 21:52:09'),
(538, 4, 172, '2025-05-18 21:52:39'),
(539, 1, 46, '2025-05-18 21:52:56'),
(540, 4, 144, '2025-05-18 21:53:02'),
(541, 5, 104, '2025-05-18 21:53:14'),
(542, 1, 91, '2025-05-18 21:53:36'),
(543, 1, 116, '2025-05-18 21:53:37'),
(544, 6, 112, '2025-05-18 21:53:38'),
(545, 1, 88, '2025-05-18 21:53:43'),
(546, 4, 88, '2025-05-18 21:53:46'),
(547, 1, 116, '2025-05-18 21:53:52'),
(548, 6, 84, '2025-05-18 21:53:55'),
(549, 7, 100, '2025-05-18 21:54:21'),
(550, 6, 196, '2025-05-18 21:54:51'),
(551, 2, 116, '2025-05-18 21:55:15'),
(552, 5, 88, '2025-05-18 21:55:17'),
(553, 1, 119, '2025-05-18 21:55:25'),
(554, 1, 95, '2025-05-18 21:55:27'),
(555, 7, 96, '2025-05-18 21:55:35'),
(556, 6, 44, '2025-05-18 21:55:39'),
(557, 6, 52, '2025-05-18 21:55:51'),
(558, 2, 128, '2025-05-18 21:55:57'),
(559, 1, 140, '2025-05-18 21:56:09'),
(560, 2, 108, '2025-05-18 21:56:10'),
(561, 2, 124, '2025-05-18 21:56:10'),
(562, 5, 144, '2025-05-18 21:56:28'),
(563, 1, 56, '2025-05-18 21:56:38'),
(564, 5, 136, '2025-05-18 21:56:39'),
(565, 5, 144, '2025-05-18 21:56:53'),
(566, 1, 63, '2025-05-18 21:57:04'),
(567, 1, 53, '2025-05-18 21:57:42'),
(568, 5, 68, '2025-05-18 21:57:51'),
(569, 6, 108, '2025-05-18 21:58:18'),
(570, 5, 132, '2025-05-18 21:58:26'),
(571, 5, 72, '2025-05-18 21:59:24'),
(572, 1, 84, '2025-05-18 21:59:28'),
(573, 5, 160, '2025-05-18 21:59:29'),
(574, 1, 137, '2025-05-18 21:59:47'),
(575, 6, 104, '2025-05-18 21:59:59'),
(576, 7, 152, '2025-05-18 22:00:00'),
(577, 1, 126, '2025-05-18 22:00:02'),
(578, 6, 140, '2025-05-18 22:00:25'),
(579, 5, 216, '2025-05-18 22:00:43'),
(580, 6, 108, '2025-05-18 22:00:48'),
(581, 6, 36, '2025-05-18 22:01:26'),
(582, 2, 148, '2025-05-18 22:01:53'),
(583, 1, 189, '2025-05-18 22:01:55'),
(584, 6, 84, '2025-05-18 22:01:58'),
(585, 2, 128, '2025-05-18 22:02:19'),
(586, 6, 96, '2025-05-18 22:03:13'),
(587, 1, 105, '2025-05-18 22:03:30'),
(588, 1, 158, '2025-05-18 22:03:34'),
(589, 1, 158, '2025-05-18 22:03:42'),
(590, 6, 116, '2025-05-18 22:03:46'),
(591, 1, 109, '2025-05-18 22:04:07'),
(592, 4, 76, '2025-05-18 22:04:12'),
(593, 5, 124, '2025-05-18 22:04:32'),
(594, 6, 124, '2025-05-18 22:04:59'),
(595, 1, 77, '2025-05-18 22:05:03'),
(596, 1, 98, '2025-05-18 22:05:05'),
(597, 6, 84, '2025-05-18 22:05:14'),
(598, 4, 160, '2025-05-18 22:05:27'),
(599, 6, 120, '2025-05-18 22:05:45'),
(600, 1, 77, '2025-05-18 22:06:00'),
(601, 1, 95, '2025-05-18 22:06:06'),
(602, 5, 92, '2025-05-18 22:06:21'),
(603, 6, 40, '2025-05-18 22:07:17'),
(604, 4, 100, '2025-05-18 22:08:57'),
(605, 6, 128, '2025-05-18 22:09:21'),
(606, 6, 212, '2025-05-18 22:09:23'),
(607, 2, 208, '2025-05-18 22:09:28'),
(608, 1, 133, '2025-05-18 22:10:02'),
(609, 7, 144, '2025-05-18 22:11:20'),
(610, 6, 20, '2025-05-18 22:11:24'),
(611, 6, 100, '2025-05-18 22:11:40'),
(612, 7, 104, '2025-05-18 22:12:21'),
(613, 6, 84, '2025-05-18 22:12:22'),
(614, 6, 96, '2025-05-18 22:13:24'),
(615, 5, 40, '2025-05-18 22:13:42'),
(616, 5, 120, '2025-05-18 22:13:47'),
(617, 5, 132, '2025-05-18 22:13:51'),
(618, 6, 216, '2025-05-18 22:28:33'),
(619, 1, 144, '2025-05-18 22:28:50'),
(620, 5, 88, '2025-05-18 22:29:45'),
(621, 5, 100, '2025-05-18 22:30:00'),
(622, 5, 36, '2025-05-18 22:30:01'),
(623, 1, 105, '2025-05-18 22:30:24'),
(624, 6, 184, '2025-05-18 22:30:30'),
(625, 1, 151, '2025-05-18 22:31:06'),
(626, 5, 100, '2025-05-18 22:31:26'),
(627, 5, 72, '2025-05-18 22:31:39'),
(628, 5, 128, '2025-05-18 22:32:07'),
(629, 1, 77, '2025-05-18 22:32:30'),
(630, 5, 72, '2025-05-18 22:32:30'),
(631, 5, 120, '2025-05-18 22:32:39'),
(632, 1, 102, '2025-05-18 22:32:57'),
(633, 5, 92, '2025-05-18 22:33:31'),
(634, 1, 151, '2025-05-18 22:33:48'),
(635, 1, 147, '2025-05-18 22:34:15'),
(636, 5, 76, '2025-05-18 22:34:20'),
(637, 1, 144, '2025-05-18 22:34:23'),
(638, 4, 76, '2025-05-18 22:34:38'),
(639, 5, 56, '2025-05-18 22:35:16'),
(640, 6, 228, '2025-05-18 22:35:50'),
(641, 6, 76, '2025-05-18 22:36:29'),
(642, 2, 244, '2025-05-18 22:36:35'),
(643, 1, 88, '2025-05-18 22:46:18'),
(644, 5, 128, '2025-05-18 22:46:21'),
(645, 5, 108, '2025-05-18 22:46:43'),
(646, 1, 158, '2025-05-18 22:46:53'),
(647, 4, 76, '2025-05-18 22:46:58'),
(648, 6, 212, '2025-05-18 22:47:09'),
(649, 3, 180, '2025-05-18 22:47:19'),
(650, 5, 16, '2025-05-18 22:47:20'),
(651, 5, 80, '2025-05-18 22:47:25'),
(652, 6, 164, '2025-05-18 22:47:50'),
(653, 5, 144, '2025-05-18 22:47:53'),
(654, 5, 88, '2025-05-18 22:48:09'),
(655, 4, 136, '2025-05-18 22:48:49'),
(656, 1, 179, '2025-05-18 22:49:09'),
(657, 5, 140, '2025-05-18 22:49:30'),
(658, 6, 220, '2025-05-18 22:49:37'),
(659, 6, 128, '2025-05-18 22:49:38'),
(660, 7, 120, '2025-05-18 22:49:44'),
(661, 1, 133, '2025-05-18 22:50:34'),
(662, 1, 98, '2025-05-18 22:50:38'),
(663, 5, 88, '2025-05-18 22:50:42'),
(664, 4, 156, '2025-05-18 22:50:55'),
(665, 5, 128, '2025-05-18 22:52:23'),
(666, 7, 4, '2025-05-18 22:52:39'),
(667, 7, 148, '2025-05-18 22:52:49'),
(668, 1, 95, '2025-05-18 22:53:39'),
(669, 5, 152, '2025-05-18 22:54:01'),
(670, 6, 96, '2025-05-18 22:54:06'),
(671, 1, 151, '2025-05-18 22:54:16'),
(672, 6, 120, '2025-05-18 22:54:18'),
(673, 1, 116, '2025-05-18 22:54:24'),
(674, 1, 102, '2025-05-18 22:54:25'),
(675, 7, 160, '2025-05-18 22:54:28'),
(676, 1, 91, '2025-05-18 22:54:28'),
(677, 1, 175, '2025-05-18 22:54:59'),
(678, 4, 104, '2025-05-18 22:55:13'),
(679, 6, 112, '2025-05-18 22:55:25'),
(680, 2, 32, '2025-05-18 22:55:25'),
(681, 2, 100, '2025-05-18 22:55:29'),
(682, 1, 109, '2025-05-18 22:56:01'),
(683, 5, 148, '2025-05-18 22:56:22'),
(684, 1, 130, '2025-05-18 22:56:26'),
(685, 1, 109, '2025-05-18 22:56:46'),
(686, 6, 92, '2025-05-18 22:57:05'),
(687, 6, 144, '2025-05-18 22:57:08'),
(688, 1, 77, '2025-05-18 22:57:17'),
(689, 1, 95, '2025-05-18 22:57:36'),
(690, 4, 116, '2025-05-18 22:57:39'),
(691, 5, 192, '2025-05-18 22:58:16'),
(692, 5, 120, '2025-05-18 23:05:56'),
(693, 2, 80, '2025-05-18 23:05:58'),
(694, 6, 152, '2025-05-18 23:06:40'),
(695, 2, 120, '2025-05-18 23:06:47'),
(696, 7, 140, '2025-05-18 23:06:54'),
(697, 1, 102, '2025-05-18 23:07:03'),
(698, 5, 168, '2025-05-18 23:07:25'),
(699, 1, 175, '2025-05-18 23:07:31'),
(700, 4, 96, '2025-05-18 23:08:14'),
(701, 1, 126, '2025-05-18 23:08:39'),
(702, 6, 124, '2025-05-18 23:08:55'),
(703, 6, 92, '2025-05-18 23:08:58'),
(704, 5, 84, '2025-05-18 23:08:58'),
(705, 5, 68, '2025-05-18 23:09:01'),
(706, 1, 140, '2025-05-18 23:09:02'),
(707, 6, 144, '2025-05-18 23:09:19'),
(708, 5, 124, '2025-05-18 23:09:20'),
(709, 6, 144, '2025-05-18 23:09:21'),
(710, 7, 164, '2025-05-18 23:09:33'),
(711, 2, 96, '2025-05-18 23:10:12'),
(712, 6, 112, '2025-05-18 23:10:13'),
(713, 4, 32, '2025-05-18 23:10:20'),
(714, 1, 67, '2025-05-18 23:10:53'),
(715, 5, 140, '2025-05-18 23:11:01'),
(716, 3, 50, '2025-05-18 23:11:06'),
(717, 5, 168, '2025-05-18 23:11:14'),
(718, 7, 60, '2025-05-18 23:11:16'),
(719, 6, 156, '2025-05-18 23:11:19'),
(720, 5, 140, '2025-05-18 23:11:21'),
(721, 5, 108, '2025-05-18 23:11:28'),
(722, 5, 112, '2025-05-18 23:11:44'),
(723, 6, 128, '2025-05-18 23:12:00'),
(724, 7, 180, '2025-05-18 23:12:01'),
(725, 5, 76, '2025-05-18 23:12:19'),
(726, 1, 81, '2025-05-18 23:12:21'),
(727, 5, 128, '2025-05-18 23:12:25'),
(728, 7, 112, '2025-05-18 23:12:41'),
(729, 6, 12, '2025-05-18 23:13:10'),
(730, 6, 12, '2025-05-18 23:13:11'),
(731, 1, 98, '2025-05-18 23:13:13'),
(732, 1, 161, '2025-05-18 23:13:54'),
(733, 6, 108, '2025-05-18 23:23:22'),
(734, 5, 152, '2025-05-18 23:31:54'),
(735, 6, 152, '2025-05-18 23:32:08'),
(736, 7, 84, '2025-05-18 23:32:12'),
(737, 1, 140, '2025-05-18 23:32:37'),
(738, 4, 136, '2025-05-18 23:32:38'),
(739, 2, 72, '2025-05-18 23:32:46'),
(740, 1, 77, '2025-05-18 23:32:51'),
(741, 1, 140, '2025-05-18 23:32:58'),
(742, 7, 40, '2025-05-18 23:32:59'),
(743, 1, 112, '2025-05-18 23:33:01'),
(744, 1, 77, '2025-05-18 23:33:05'),
(745, 4, 84, '2025-05-18 23:33:18'),
(746, 1, 130, '2025-05-18 23:33:19'),
(747, 2, 28, '2025-05-18 23:33:22'),
(748, 6, 124, '2025-05-18 23:33:23'),
(749, 1, 172, '2025-05-18 23:33:30'),
(750, 5, 176, '2025-05-18 23:33:32'),
(751, 4, 148, '2025-05-18 23:33:33'),
(752, 4, 132, '2025-05-18 23:33:58'),
(753, 2, 116, '2025-05-18 23:34:07'),
(754, 2, 92, '2025-05-18 23:34:08'),
(755, 5, 48, '2025-05-18 23:34:20'),
(756, 6, 108, '2025-05-18 23:34:24'),
(757, 5, 72, '2025-05-18 23:34:25'),
(758, 1, 46, '2025-05-18 23:34:48'),
(759, 5, 48, '2025-05-18 23:34:55'),
(760, 5, 108, '2025-05-18 23:35:01'),
(761, 5, 144, '2025-05-18 23:35:11'),
(762, 5, 100, '2025-05-18 23:35:18'),
(763, 7, 148, '2025-05-18 23:35:21'),
(764, 1, 105, '2025-05-18 23:35:24'),
(765, 5, 132, '2025-05-18 23:35:29'),
(766, 4, 124, '2025-05-18 23:35:38'),
(767, 1, 144, '2025-05-18 23:35:53'),
(768, 1, 88, '2025-05-18 23:35:54'),
(769, 6, 36, '2025-05-18 23:35:55'),
(770, 6, 144, '2025-05-18 23:44:44'),
(771, 6, 44, '2025-05-18 23:44:56'),
(772, 4, 92, '2025-05-18 23:45:03'),
(773, 5, 128, '2025-05-18 23:45:14'),
(774, 3, 95, '2025-05-18 23:45:22'),
(775, 1, 74, '2025-05-18 23:45:38'),
(776, 7, 92, '2025-05-18 23:45:50'),
(777, 1, 126, '2025-05-18 23:45:52'),
(778, 5, 64, '2025-05-18 23:45:53'),
(779, 5, 120, '2025-05-18 23:45:53'),
(780, 5, 152, '2025-05-18 23:46:00'),
(781, 5, 156, '2025-05-18 23:46:01'),
(782, 4, 84, '2025-05-18 23:46:03'),
(783, 6, 200, '2025-05-18 23:46:06'),
(784, 1, 42, '2025-05-18 23:46:25'),
(785, 4, 156, '2025-05-18 23:46:31'),
(786, 5, 80, '2025-05-18 23:46:47'),
(787, 1, 105, '2025-05-18 23:46:54'),
(788, 5, 100, '2025-05-18 23:46:54'),
(789, 4, 48, '2025-05-18 23:47:03'),
(790, 4, 32, '2025-05-18 23:47:06'),
(791, 2, 88, '2025-05-18 23:47:07'),
(792, 5, 120, '2025-05-18 23:47:21'),
(793, 5, 112, '2025-05-18 23:47:22'),
(794, 6, 156, '2025-05-18 23:47:25'),
(795, 1, 105, '2025-05-18 23:47:30'),
(796, 4, 148, '2025-05-18 23:47:35'),
(797, 7, 112, '2025-05-18 23:47:37'),
(798, 6, 68, '2025-05-18 23:47:38'),
(799, 2, 128, '2025-05-18 23:47:42'),
(800, 6, 84, '2025-05-18 23:47:43'),
(801, 6, 56, '2025-05-18 23:47:48'),
(802, 6, 80, '2025-05-18 23:48:00'),
(803, 1, 91, '2025-05-18 23:48:03'),
(804, 7, 144, '2025-05-18 23:48:04'),
(805, 4, 96, '2025-05-18 23:48:15'),
(806, 2, 64, '2025-05-18 23:48:17'),
(807, 4, 96, '2025-05-18 23:48:25'),
(808, 4, 92, '2025-05-18 23:48:32'),
(809, 1, 116, '2025-05-18 23:48:49'),
(810, 1, 109, '2025-05-18 23:48:54'),
(811, 4, 288, '2025-05-18 23:49:15'),
(812, 5, 108, '2025-05-18 23:49:21'),
(813, 6, 48, '2025-05-18 23:49:30'),
(814, 5, 168, '2025-05-18 23:49:32'),
(815, 6, 176, '2025-05-18 23:49:33'),
(816, 6, 148, '2025-05-18 23:49:37'),
(817, 5, 144, '2025-05-18 23:49:37'),
(818, 1, 91, '2025-05-18 23:49:42'),
(819, 6, 168, '2025-05-18 23:49:43'),
(820, 1, 98, '2025-05-19 00:09:25'),
(821, 1, 105, '2025-05-19 00:09:28'),
(822, 7, 120, '2025-05-19 00:09:29'),
(823, 5, 72, '2025-05-19 00:09:32'),
(824, 5, 112, '2025-05-19 00:09:33'),
(825, 1, 105, '2025-05-19 00:09:45'),
(826, 1, 95, '2025-05-19 00:09:46'),
(827, 4, 80, '2025-05-19 00:10:15'),
(828, 4, 80, '2025-05-19 00:10:15'),
(829, 5, 88, '2025-05-19 00:10:42'),
(830, 1, 56, '2025-05-19 00:10:55'),
(831, 5, 136, '2025-05-19 00:11:10'),
(832, 1, 81, '2025-05-19 00:11:11'),
(833, 6, 116, '2025-05-19 00:11:14'),
(834, 2, 60, '2025-05-19 00:11:46'),
(835, 1, 130, '2025-05-19 00:12:11'),
(836, 1, 81, '2025-05-19 00:12:25'),
(837, 1, 147, '2025-05-19 00:12:40'),
(838, 5, 68, '2025-05-19 00:12:57'),
(839, 5, 92, '2025-05-19 00:13:19'),
(840, 1, 84, '2025-05-19 00:13:50'),
(841, 1, 60, '2025-05-19 00:13:54'),
(842, 1, 133, '2025-05-19 00:13:55'),
(843, 4, 204, '2025-05-19 00:14:05'),
(844, 7, 144, '2025-05-19 00:14:07'),
(845, 7, 96, '2025-05-19 00:14:23'),
(846, 7, 172, '2025-05-19 00:14:28'),
(847, 7, 112, '2025-05-19 00:14:37'),
(848, 2, 124, '2025-05-19 00:14:39'),
(849, 2, 12, '2025-05-19 00:14:40'),
(850, 6, 72, '2025-05-19 00:14:41'),
(851, 2, 144, '2025-05-19 00:14:42'),
(852, 5, 152, '2025-05-19 00:14:42'),
(853, 6, 128, '2025-05-19 00:14:49'),
(854, 1, 105, '2025-05-19 00:14:53'),
(855, 3, 395, '2025-05-19 00:14:55'),
(856, 6, 116, '2025-05-19 00:15:09'),
(857, 5, 132, '2025-05-19 00:15:10'),
(858, 1, 25, '2025-05-19 00:15:18'),
(859, 1, 88, '2025-05-19 00:15:27'),
(860, 5, 176, '2025-05-19 00:15:28'),
(861, 1, 95, '2025-05-19 00:15:44'),
(862, 2, 104, '2025-05-19 00:15:54'),
(863, 1, 112, '2025-05-19 00:16:11'),
(864, 6, 152, '2025-05-19 00:16:57'),
(865, 7, 92, '2025-05-19 00:17:04'),
(866, 1, 56, '2025-05-19 00:17:04'),
(867, 1, 105, '2025-05-19 00:17:05'),
(868, 2, 92, '2025-05-19 00:17:07'),
(869, 5, 116, '2025-05-19 00:17:12'),
(870, 1, 168, '2025-05-19 00:17:12'),
(871, 5, 136, '2025-05-19 00:17:17'),
(872, 1, 123, '2025-05-19 00:17:19'),
(873, 1, 77, '2025-05-19 00:17:20'),
(874, 1, 133, '2025-05-19 00:17:28'),
(875, 5, 188, '2025-05-19 00:17:53'),
(876, 1, 119, '2025-05-19 00:18:02'),
(877, 6, 8, '2025-05-19 00:18:02'),
(878, 6, 164, '2025-05-19 00:18:08'),
(879, 1, 137, '2025-05-19 00:18:28'),
(880, 4, 156, '2025-05-19 00:18:32'),
(881, 7, 120, '2025-05-19 00:18:38'),
(882, 7, 76, '2025-05-19 00:18:39'),
(883, 5, 140, '2025-05-19 00:18:39'),
(884, 2, 140, '2025-05-19 00:18:41'),
(885, 5, 132, '2025-05-19 00:18:53'),
(886, 2, 80, '2025-05-19 00:18:58'),
(887, 5, 92, '2025-05-19 00:26:50'),
(888, 6, 140, '2025-05-19 00:27:12'),
(889, 7, 168, '2025-05-19 00:27:19'),
(890, 1, 102, '2025-05-19 00:28:13'),
(891, 6, 96, '2025-05-19 00:28:59'),
(892, 5, 152, '2025-05-19 00:30:17'),
(893, 5, 112, '2025-05-19 00:30:43'),
(894, 6, 108, '2025-05-19 00:33:03'),
(895, 4, 144, '2025-05-19 00:33:17'),
(896, 7, 92, '2025-05-19 00:34:28'),
(897, 1, 77, '2025-05-19 00:38:53'),
(898, 1, 123, '2025-05-19 00:39:06'),
(899, 3, 160, '2025-05-19 00:40:58'),
(900, 1, 193, '2025-05-19 00:41:18'),
(901, 1, 77, '2025-05-19 00:41:29'),
(902, 5, 112, '2025-05-19 00:42:30'),
(903, 1, 126, '2025-05-19 00:43:08'),
(904, 4, 148, '2025-05-19 00:46:04'),
(905, 1, 112, '2025-05-19 00:48:26'),
(906, 5, 200, '2025-05-19 00:49:14'),
(907, 1, 88, '2025-05-19 00:50:03'),
(908, 2, 68, '2025-05-19 00:50:58'),
(909, 6, 128, '2025-05-19 00:51:30'),
(910, 5, 96, '2025-05-19 00:52:15'),
(911, 5, 28, '2025-05-19 00:53:27'),
(912, 5, 128, '2025-05-19 00:53:41'),
(913, 6, 160, '2025-05-19 00:58:18'),
(914, 1, 81, '2025-05-19 00:58:30'),
(915, 1, 112, '2025-05-19 00:59:32'),
(916, 5, 108, '2025-05-19 01:02:17'),
(917, 1, 126, '2025-05-19 01:04:49'),
(918, 6, 64, '2025-05-19 01:04:52'),
(919, 5, 116, '2025-05-19 01:04:54'),
(920, 5, 148, '2025-05-19 01:05:17'),
(921, 5, 84, '2025-05-19 01:08:40'),
(922, 5, 48, '2025-05-19 01:09:12'),
(923, 1, 91, '2025-05-19 01:09:49'),
(924, 1, 105, '2025-05-19 01:10:19'),
(925, 5, 112, '2025-05-19 01:13:36'),
(926, 1, 91, '2025-05-19 01:13:43'),
(927, 1, 49, '2025-05-19 01:13:50'),
(928, 5, 176, '2025-05-19 01:17:13'),
(929, 5, 144, '2025-05-19 01:18:06'),
(930, 5, 124, '2025-05-19 01:18:43'),
(931, 5, 88, '2025-05-19 01:19:02'),
(932, 5, 84, '2025-05-19 01:25:05'),
(933, 5, 76, '2025-05-19 01:26:15'),
(934, 5, 112, '2025-05-19 01:30:53'),
(935, 5, 128, '2025-05-19 01:31:01'),
(936, 6, 80, '2025-05-19 01:42:20'),
(937, 5, 128, '2025-05-19 01:43:56'),
(938, 1, 46, '2025-05-19 01:44:52'),
(939, 5, 176, '2025-05-19 01:44:53'),
(940, 1, 60, '2025-05-19 01:45:30'),
(941, 5, 100, '2025-05-19 01:47:03'),
(942, 1, 74, '2025-05-19 01:49:37'),
(943, 5, 204, '2025-05-19 01:49:40'),
(944, 1, 140, '2025-05-19 01:52:18'),
(945, 6, 100, '2025-05-19 01:52:18'),
(946, 1, 88, '2025-05-19 01:57:46'),
(947, 1, 49, '2025-05-19 01:58:07'),
(948, 5, 172, '2025-05-19 02:00:11'),
(949, 5, 84, '2025-05-19 02:03:53'),
(950, 6, 84, '2025-05-19 02:06:49'),
(951, 5, 64, '2025-05-19 02:07:27'),
(952, 1, 147, '2025-05-19 02:11:45'),
(953, 1, 88, '2025-05-19 02:14:02'),
(954, 6, 100, '2025-05-19 02:15:55'),
(955, 2, 188, '2025-05-19 02:16:12'),
(956, 5, 72, '2025-05-19 02:18:34'),
(957, 1, 126, '2025-05-19 02:18:40'),
(958, 6, 120, '2025-05-19 02:18:48'),
(959, 1, 133, '2025-05-19 02:24:54'),
(960, 1, 119, '2025-05-19 02:30:06'),
(961, 5, 96, '2025-05-19 02:32:42'),
(962, 5, 148, '2025-05-19 02:34:25'),
(963, 6, 52, '2025-05-19 02:34:34'),
(964, 6, 216, '2025-05-19 02:35:57'),
(965, 4, 100, '2025-05-19 02:38:00'),
(966, 6, 72, '2025-05-19 02:39:08'),
(967, 1, 49, '2025-05-19 02:41:45'),
(968, 1, 77, '2025-05-19 02:42:03'),
(969, 1, 102, '2025-05-19 02:43:43'),
(970, 5, 76, '2025-05-19 02:58:24'),
(971, 6, 124, '2025-05-19 03:01:01'),
(972, 1, 137, '2025-05-19 03:04:47'),
(973, 5, 164, '2025-05-19 03:05:51'),
(974, 1, 154, '2025-05-19 03:09:54'),
(975, 5, 120, '2025-05-19 03:12:44'),
(976, 1, 60, '2025-05-19 03:15:39'),
(977, 1, 53, '2025-05-19 03:16:26'),
(978, 4, 88, '2025-05-19 03:18:51'),
(979, 1, 53, '2025-05-19 03:23:40'),
(980, 5, 112, '2025-05-19 03:24:04'),
(981, 4, 96, '2025-05-19 03:24:11'),
(982, 5, 156, '2025-05-19 03:26:24'),
(983, 1, 74, '2025-05-19 03:36:18'),
(984, 6, 200, '2025-05-19 03:42:27'),
(985, 1, 95, '2025-05-19 03:46:08'),
(986, 1, 81, '2025-05-19 03:48:22'),
(987, 1, 91, '2025-05-19 03:48:56'),
(988, 6, 132, '2025-05-19 03:52:08'),
(989, 5, 88, '2025-05-19 04:03:30'),
(990, 4, 64, '2025-05-19 04:05:34'),
(991, 1, 105, '2025-05-19 04:10:24'),
(992, 1, 81, '2025-05-19 04:14:41'),
(993, 6, 76, '2025-05-19 04:21:47'),
(994, 5, 120, '2025-05-19 04:25:14'),
(995, 7, 140, '2025-05-19 04:27:00'),
(996, 1, 4, '2025-05-19 04:37:16'),
(997, 1, 137, '2025-05-19 04:38:01'),
(998, 7, 68, '2025-05-19 04:40:07'),
(999, 6, 112, '2025-05-19 04:43:02'),
(1000, 4, 80, '2025-05-19 04:43:42'),
(1001, 1, 147, '2025-05-19 04:46:24'),
(1002, 5, 108, '2025-05-19 04:47:44'),
(1003, 6, 160, '2025-05-19 04:48:57'),
(1004, 1, 98, '2025-05-19 04:51:46'),
(1005, 6, 32, '2025-05-19 04:52:35'),
(1006, 4, 88, '2025-05-19 05:33:10'),
(1007, 6, 120, '2025-05-19 05:53:32'),
(1008, 5, 172, '2025-05-19 06:17:31'),
(1009, 1, 95, '2025-05-19 06:17:39'),
(1010, 6, 88, '2025-05-19 06:22:43'),
(1011, 3, 230, '2025-05-19 06:33:24'),
(1012, 5, 56, '2025-05-19 06:49:52'),
(1013, 5, 4, '2025-05-19 06:49:54'),
(1014, 5, 36, '2025-05-19 07:45:37'),
(1015, 5, 4, '2025-05-19 07:45:50'),
(1016, 6, 144, '2025-05-19 07:52:09'),
(1017, 5, 152, '2025-05-19 07:53:25'),
(1018, 6, 100, '2025-05-19 08:56:45'),
(1019, 6, 164, '2025-05-19 13:04:21'),
(1020, 6, 64, '2025-05-19 14:27:00'),
(1021, 6, 140, '2025-05-19 14:31:24'),
(1022, 5, 152, '2025-05-19 14:35:34'),
(1023, 1, 77, '2025-05-19 14:41:12'),
(1024, 1, 112, '2025-05-19 14:43:20'),
(1025, 1, 105, '2025-05-19 14:45:56'),
(1026, 1, 28, '2025-05-19 14:52:41'),
(1027, 1, 56, '2025-05-19 14:56:38'),
(1028, 7, 136, '2025-05-19 15:01:41'),
(1029, 1, 112, '2025-05-19 15:02:48'),
(1030, 1, 63, '2025-05-19 15:05:57'),
(1031, 6, 136, '2025-05-19 15:11:42'),
(1032, 6, 60, '2025-05-19 15:14:39'),
(1033, 5, 116, '2025-05-19 15:24:57'),
(1034, 1, 53, '2025-05-19 15:30:40'),
(1035, 1, 32, '2025-05-19 15:33:06'),
(1036, 5, 92, '2025-05-19 15:36:44'),
(1037, 1, 175, '2025-05-19 15:43:41'),
(1038, 7, 84, '2025-05-19 15:46:56'),
(1039, 5, 80, '2025-05-19 15:47:46'),
(1040, 1, 168, '2025-05-19 15:48:23'),
(1041, 4, 120, '2025-05-19 15:52:44'),
(1042, 1, 214, '2025-05-19 16:01:11'),
(1043, 5, 100, '2025-05-19 16:04:23'),
(1044, 5, 160, '2025-05-19 16:05:56'),
(1045, 1, 28, '2025-05-19 16:08:14'),
(1046, 4, 124, '2025-05-19 16:08:23'),
(1047, 1, 84, '2025-05-19 16:13:43'),
(1048, 1, 133, '2025-05-19 16:15:24'),
(1049, 1, 53, '2025-05-19 16:17:35'),
(1050, 5, 124, '2025-05-19 16:18:13'),
(1051, 6, 132, '2025-05-19 16:18:33'),
(1052, 5, 76, '2025-05-19 16:21:14'),
(1053, 1, 98, '2025-05-19 16:21:51'),
(1054, 4, 128, '2025-05-19 16:23:00'),
(1055, 6, 244, '2025-05-19 16:27:14'),
(1056, 4, 128, '2025-05-19 16:28:07'),
(1057, 1, 105, '2025-05-19 16:29:36'),
(1058, 1, 119, '2025-05-19 16:35:32'),
(1059, 5, 144, '2025-05-19 16:36:55'),
(1060, 1, 88, '2025-05-19 16:37:08'),
(1061, 1, 53, '2025-05-19 16:38:35'),
(1062, 2, 252, '2025-05-19 16:40:55'),
(1063, 1, 53, '2025-05-19 16:45:14'),
(1064, 1, 88, '2025-05-19 16:48:28'),
(1065, 1, 35, '2025-05-19 16:49:51'),
(1066, 5, 100, '2025-05-19 16:50:13'),
(1067, 5, 100, '2025-05-19 16:55:32'),
(1068, 6, 52, '2025-05-19 16:56:29'),
(1069, 5, 100, '2025-05-19 17:01:49'),
(1070, 3, 250, '2025-05-19 17:02:33'),
(1071, 5, 120, '2025-05-19 17:06:26'),
(1072, 6, 84, '2025-05-19 17:08:19'),
(1073, 6, 132, '2025-05-19 17:11:17'),
(1074, 7, 48, '2025-05-19 17:12:11'),
(1075, 1, 74, '2025-05-19 17:21:16'),
(1076, 4, 192, '2025-05-19 17:22:38'),
(1077, 4, 220, '2025-05-19 17:22:47'),
(1078, 1, 25, '2025-05-19 17:23:49'),
(1079, 6, 112, '2025-05-19 17:30:08'),
(1080, 5, 176, '2025-05-19 17:30:42'),
(1081, 6, 112, '2025-05-19 17:33:54'),
(1082, 2, 84, '2025-05-19 17:38:40'),
(1083, 1, 70, '2025-05-19 17:40:11'),
(1084, 1, 102, '2025-05-19 17:40:13'),
(1085, 5, 84, '2025-05-19 17:41:48'),
(1086, 5, 108, '2025-05-19 17:42:04'),
(1087, 5, 72, '2025-05-19 17:42:30'),
(1088, 1, 109, '2025-05-19 17:46:22'),
(1089, 1, 14, '2025-05-19 17:50:32'),
(1090, 5, 224, '2025-05-19 17:51:37'),
(1091, 5, 32, '2025-05-19 17:52:30'),
(1092, 5, 140, '2025-05-19 17:55:27'),
(1093, 4, 36, '2025-05-19 17:55:29'),
(1094, 4, 124, '2025-05-19 18:13:50'),
(1095, 5, 120, '2025-05-19 18:14:06'),
(1096, 6, 72, '2025-05-19 18:14:07'),
(1097, 4, 112, '2025-05-19 18:14:35'),
(1098, 5, 44, '2025-05-19 18:14:41'),
(1099, 1, 32, '2025-05-19 18:14:43'),
(1100, 1, 7, '2025-05-19 18:14:44'),
(1101, 1, 140, '2025-05-19 18:14:46'),
(1102, 1, 56, '2025-05-19 18:14:51'),
(1103, 1, 109, '2025-05-19 18:14:52'),
(1104, 1, 116, '2025-05-19 18:14:54'),
(1105, 1, 112, '2025-05-19 18:14:57'),
(1106, 6, 100, '2025-05-19 18:15:25'),
(1107, 6, 112, '2025-05-19 18:15:42'),
(1108, 1, 60, '2025-05-19 18:16:31'),
(1109, 5, 104, '2025-05-19 18:16:38'),
(1110, 1, 189, '2025-05-19 18:18:23'),
(1111, 1, 130, '2025-05-19 18:18:24'),
(1112, 4, 136, '2025-05-19 18:18:50'),
(1113, 5, 168, '2025-05-19 18:21:30'),
(1114, 6, 92, '2025-05-19 18:21:51'),
(1115, 1, 67, '2025-05-19 18:23:19'),
(1116, 1, 91, '2025-05-19 18:25:46'),
(1117, 7, 28, '2025-05-19 18:28:32'),
(1118, 7, 124, '2025-05-19 18:28:46'),
(1119, 7, 64, '2025-05-19 18:28:54'),
(1120, 5, 64, '2025-05-19 18:29:20'),
(1121, 5, 116, '2025-05-19 18:29:22'),
(1122, 5, 156, '2025-05-19 18:29:31'),
(1123, 5, 248, '2025-05-19 18:29:42'),
(1124, 6, 152, '2025-05-19 18:30:11'),
(1125, 1, 109, '2025-05-19 18:31:22'),
(1126, 4, 100, '2025-05-19 18:31:48'),
(1127, 5, 208, '2025-05-19 18:34:23'),
(1128, 2, 56, '2025-05-19 18:44:03'),
(1129, 1, 217, '2025-05-19 18:44:15'),
(1130, 6, 120, '2025-05-19 18:46:36'),
(1131, 1, 35, '2025-05-19 18:46:59'),
(1132, 6, 160, '2025-05-19 18:47:18'),
(1133, 2, 96, '2025-05-19 18:48:06'),
(1134, 1, 53, '2025-05-19 18:48:19'),
(1135, 6, 100, '2025-05-19 18:48:34'),
(1136, 1, 105, '2025-05-19 18:49:08'),
(1137, 5, 88, '2025-05-19 18:49:27'),
(1138, 6, 80, '2025-05-19 18:49:48'),
(1139, 5, 132, '2025-05-19 18:49:57'),
(1140, 6, 104, '2025-05-19 18:50:21'),
(1141, 5, 136, '2025-05-19 18:50:35'),
(1142, 1, 28, '2025-05-19 18:51:03'),
(1143, 6, 124, '2025-05-19 18:51:18'),
(1144, 5, 120, '2025-05-19 18:51:31'),
(1145, 1, 46, '2025-05-19 18:53:08'),
(1146, 1, 154, '2025-05-19 18:55:57'),
(1147, 5, 156, '2025-05-19 18:56:22'),
(1148, 7, 140, '2025-05-19 18:56:31'),
(1149, 5, 180, '2025-05-19 18:57:14'),
(1150, 1, 32, '2025-05-19 18:58:30'),
(1151, 1, 102, '2025-05-19 18:58:47'),
(1152, 1, 105, '2025-05-19 18:59:06'),
(1153, 5, 8, '2025-05-19 18:59:37'),
(1154, 5, 104, '2025-05-19 19:00:05'),
(1155, 5, 24, '2025-05-19 19:00:13'),
(1156, 6, 124, '2025-05-19 19:01:46'),
(1157, 1, 53, '2025-05-19 19:03:00'),
(1158, 5, 140, '2025-05-19 19:03:04'),
(1159, 2, 100, '2025-05-19 19:03:43'),
(1160, 2, 152, '2025-05-19 19:05:15'),
(1161, 2, 64, '2025-05-19 19:11:57'),
(1162, 2, 88, '2025-05-19 19:13:32'),
(1163, 2, 76, '2025-05-19 19:13:58'),
(1164, 5, 192, '2025-05-19 19:15:43'),
(1165, 5, 148, '2025-05-19 19:18:51'),
(1166, 2, 160, '2025-05-19 19:19:53'),
(1167, 4, 196, '2025-05-19 19:21:18'),
(1168, 1, 70, '2025-05-19 19:21:47'),
(1169, 1, 137, '2025-05-19 19:22:29'),
(1170, 1, 56, '2025-05-19 19:24:25'),
(1171, 4, 68, '2025-05-19 19:29:02'),
(1172, 5, 124, '2025-05-19 19:29:44'),
(1173, 5, 124, '2025-05-19 19:31:34'),
(1174, 6, 152, '2025-05-19 19:32:00'),
(1175, 5, 104, '2025-05-19 19:33:26'),
(1176, 5, 36, '2025-05-19 19:37:22'),
(1177, 5, 24, '2025-05-19 19:37:32'),
(1178, 5, 132, '2025-05-19 19:37:51'),
(1179, 1, 105, '2025-05-19 19:42:12'),
(1180, 5, 168, '2025-05-19 19:45:52'),
(1181, 1, 193, '2025-05-19 19:46:35'),
(1182, 1, 119, '2025-05-19 19:48:24'),
(1183, 1, 77, '2025-05-19 19:48:46'),
(1184, 5, 140, '2025-05-19 19:50:17'),
(1185, 1, 84, '2025-05-19 19:52:28'),
(1186, 5, 120, '2025-05-19 19:53:47'),
(1187, 2, 80, '2025-05-19 19:54:05'),
(1188, 2, 112, '2025-05-19 19:54:06'),
(1189, 1, 126, '2025-05-19 19:54:46'),
(1190, 1, 112, '2025-05-19 19:54:51'),
(1191, 6, 156, '2025-05-19 19:55:35'),
(1192, 2, 104, '2025-05-19 19:56:28'),
(1193, 1, 49, '2025-05-19 19:56:38'),
(1194, 7, 68, '2025-05-19 19:58:16'),
(1195, 2, 136, '2025-05-19 19:58:47'),
(1196, 5, 40, '2025-05-19 19:59:32'),
(1197, 6, 96, '2025-05-19 20:00:29'),
(1198, 5, 96, '2025-05-19 20:05:43'),
(1199, 2, 180, '2025-05-19 20:07:17'),
(1200, 1, 70, '2025-05-19 20:07:33'),
(1201, 1, 49, '2025-05-19 20:08:01'),
(1202, 6, 32, '2025-05-19 20:09:33'),
(1203, 5, 164, '2025-05-19 20:10:22'),
(1204, 4, 92, '2025-05-19 20:10:50'),
(1205, 1, 151, '2025-05-19 20:11:39'),
(1206, 1, 74, '2025-05-19 20:12:31'),
(1207, 1, 165, '2025-05-19 20:13:49'),
(1208, 6, 80, '2025-05-19 20:14:24'),
(1209, 7, 88, '2025-05-19 20:14:31'),
(1210, 5, 136, '2025-05-19 20:17:17'),
(1211, 4, 132, '2025-05-19 20:18:24'),
(1212, 6, 124, '2025-05-19 20:19:46'),
(1213, 1, 7, '2025-05-19 20:20:11'),
(1214, 1, 18, '2025-05-19 20:20:25'),
(1215, 1, 7, '2025-05-19 20:21:50'),
(1216, 1, 91, '2025-05-19 20:22:20'),
(1217, 5, 112, '2025-05-19 20:23:05'),
(1218, 6, 16, '2025-05-19 20:23:58'),
(1219, 5, 160, '2025-05-19 20:25:05'),
(1220, 6, 60, '2025-05-19 20:25:43'),
(1221, 1, 147, '2025-05-19 20:26:16'),
(1222, 1, 109, '2025-05-19 20:26:35'),
(1223, 5, 112, '2025-05-19 20:27:25'),
(1224, 1, 165, '2025-05-19 20:27:54'),
(1225, 6, 140, '2025-05-19 20:29:12'),
(1226, 1, 49, '2025-05-19 20:30:46'),
(1227, 7, 100, '2025-05-19 20:31:24'),
(1228, 6, 116, '2025-05-19 20:31:42'),
(1229, 7, 96, '2025-05-19 20:33:32'),
(1230, 1, 35, '2025-05-19 20:39:40'),
(1231, 5, 68, '2025-05-19 20:40:38'),
(1232, 5, 128, '2025-05-19 20:41:39'),
(1233, 6, 44, '2025-05-19 20:44:54'),
(1234, 1, 88, '2025-05-19 20:45:48'),
(1235, 1, 39, '2025-05-19 20:45:51'),
(1236, 5, 100, '2025-05-19 20:47:02'),
(1237, 5, 132, '2025-05-19 20:47:33'),
(1238, 5, 88, '2025-05-19 20:48:57'),
(1239, 5, 124, '2025-05-19 20:49:15'),
(1240, 5, 12, '2025-05-19 20:49:19'),
(1241, 4, 88, '2025-05-19 20:50:06'),
(1242, 6, 172, '2025-05-19 20:51:37'),
(1243, 6, 96, '2025-05-19 20:53:15'),
(1244, 5, 56, '2025-05-19 20:53:46'),
(1245, 6, 60, '2025-05-19 20:54:01'),
(1246, 2, 84, '2025-05-19 20:55:34'),
(1247, 5, 176, '2025-05-19 20:55:50'),
(1248, 4, 152, '2025-05-19 20:56:03'),
(1249, 5, 128, '2025-05-19 20:56:12'),
(1250, 5, 40, '2025-05-19 20:56:14'),
(1251, 1, 60, '2025-05-19 20:56:55'),
(1252, 5, 100, '2025-05-19 20:57:27'),
(1253, 1, 105, '2025-05-19 20:59:08'),
(1254, 5, 104, '2025-05-19 20:59:10'),
(1255, 5, 124, '2025-05-19 20:59:23'),
(1256, 1, 105, '2025-05-19 21:00:13'),
(1257, 6, 88, '2025-05-19 21:00:32'),
(1258, 5, 80, '2025-05-19 21:01:25'),
(1259, 5, 72, '2025-05-19 21:02:42'),
(1260, 4, 72, '2025-05-19 21:03:25'),
(1261, 1, 91, '2025-05-19 21:05:14'),
(1262, 5, 108, '2025-05-19 21:06:03'),
(1263, 5, 140, '2025-05-19 21:06:27'),
(1264, 1, 74, '2025-05-19 21:09:04'),
(1265, 6, 132, '2025-05-19 21:09:47'),
(1266, 7, 32, '2025-05-19 21:10:22'),
(1267, 4, 124, '2025-05-19 21:10:55'),
(1268, 7, 136, '2025-05-19 21:12:59'),
(1269, 4, 100, '2025-05-19 21:21:13'),
(1270, 1, 123, '2025-05-19 21:22:50'),
(1271, 2, 120, '2025-05-19 21:23:21'),
(1272, 5, 172, '2025-05-19 21:27:57'),
(1273, 5, 84, '2025-05-19 21:29:01'),
(1274, 5, 52, '2025-05-19 21:29:31'),
(1275, 1, 53, '2025-05-19 21:30:36'),
(1276, 6, 136, '2025-05-19 21:30:41'),
(1277, 2, 148, '2025-05-19 21:31:15'),
(1278, 1, 74, '2025-05-19 21:32:40'),
(1279, 5, 168, '2025-05-19 21:33:22'),
(1280, 4, 64, '2025-05-19 21:33:47'),
(1281, 1, 119, '2025-05-19 21:33:59'),
(1282, 1, 116, '2025-05-19 21:34:12'),
(1283, 4, 140, '2025-05-19 21:36:13'),
(1284, 5, 120, '2025-05-19 21:36:26'),
(1285, 5, 100, '2025-05-19 21:36:37'),
(1286, 4, 128, '2025-05-19 21:37:39'),
(1287, 6, 72, '2025-05-19 21:38:32'),
(1288, 5, 160, '2025-05-19 21:40:43'),
(1289, 1, 105, '2025-05-19 21:43:59'),
(1290, 6, 100, '2025-05-19 21:44:26'),
(1291, 6, 176, '2025-05-19 21:46:24'),
(1292, 6, 44, '2025-05-19 21:46:36'),
(1293, 2, 116, '2025-05-19 21:46:54'),
(1294, 4, 160, '2025-05-19 21:47:08'),
(1295, 5, 116, '2025-05-19 21:47:57'),
(1296, 5, 124, '2025-05-19 21:50:12'),
(1297, 6, 44, '2025-05-19 21:57:35'),
(1298, 5, 116, '2025-05-19 21:58:24'),
(1299, 4, 100, '2025-05-19 21:58:26'),
(1300, 1, 105, '2025-05-19 21:58:59'),
(1301, 4, 44, '2025-05-19 22:00:17'),
(1302, 6, 132, '2025-05-19 22:00:32'),
(1303, 7, 84, '2025-05-19 22:02:41'),
(1304, 5, 96, '2025-05-19 22:03:07'),
(1305, 6, 56, '2025-05-19 22:04:58'),
(1306, 4, 188, '2025-05-19 22:06:17'),
(1307, 5, 148, '2025-05-19 22:07:14'),
(1308, 1, 88, '2025-05-19 22:07:24'),
(1309, 5, 88, '2025-05-19 22:07:41'),
(1310, 5, 44, '2025-05-19 22:11:09'),
(1311, 5, 4, '2025-05-19 22:11:11'),
(1312, 4, 56, '2025-05-19 22:11:30'),
(1313, 5, 40, '2025-05-19 22:11:38'),
(1314, 6, 104, '2025-05-19 22:12:11'),
(1315, 6, 116, '2025-05-19 22:12:34'),
(1316, 6, 100, '2025-05-19 22:13:46'),
(1317, 6, 124, '2025-05-19 22:14:08'),
(1318, 6, 36, '2025-05-19 22:15:51'),
(1319, 5, 76, '2025-05-19 22:16:32'),
(1320, 5, 132, '2025-05-19 22:18:50'),
(1321, 1, 242, '2025-05-19 22:19:46'),
(1322, 1, 74, '2025-05-19 22:22:28'),
(1323, 2, 208, '2025-05-19 22:22:30'),
(1324, 6, 144, '2025-05-19 22:22:44'),
(1325, 1, 119, '2025-05-19 22:23:42'),
(1326, 6, 108, '2025-05-19 22:25:06'),
(1327, 4, 40, '2025-05-19 22:26:41'),
(1328, 7, 84, '2025-05-19 22:28:05'),
(1329, 1, 144, '2025-05-19 22:28:54'),
(1330, 5, 28, '2025-05-19 22:29:10'),
(1331, 5, 124, '2025-05-19 22:29:43'),
(1332, 5, 100, '2025-05-19 22:30:24'),
(1333, 5, 104, '2025-05-19 22:30:52'),
(1334, 6, 112, '2025-05-19 22:31:17'),
(1335, 5, 156, '2025-05-19 22:31:18'),
(1336, 1, 109, '2025-05-19 22:35:40'),
(1337, 2, 76, '2025-05-19 22:37:11'),
(1338, 2, 32, '2025-05-19 22:37:30'),
(1339, 1, 74, '2025-05-19 22:37:58'),
(1340, 1, 133, '2025-05-19 22:38:26'),
(1341, 7, 152, '2025-05-19 22:38:43'),
(1342, 6, 104, '2025-05-19 22:38:58'),
(1343, 1, 123, '2025-05-19 22:40:36'),
(1344, 6, 116, '2025-05-19 22:42:23'),
(1345, 5, 148, '2025-05-19 22:48:25'),
(1346, 6, 156, '2025-05-19 22:48:35'),
(1347, 6, 112, '2025-05-19 22:49:13'),
(1348, 4, 68, '2025-05-19 22:49:23'),
(1349, 5, 120, '2025-05-19 22:49:59'),
(1350, 6, 88, '2025-05-19 22:50:34'),
(1351, 1, 126, '2025-05-19 22:50:34'),
(1352, 1, 112, '2025-05-19 22:52:18'),
(1353, 5, 72, '2025-05-19 22:52:33'),
(1354, 1, 123, '2025-05-19 22:55:28'),
(1355, 5, 176, '2025-05-19 22:56:29'),
(1356, 4, 128, '2025-05-19 22:56:37'),
(1357, 7, 32, '2025-05-19 22:56:41'),
(1358, 1, 123, '2025-05-19 22:57:26'),
(1359, 6, 208, '2025-05-19 22:59:10'),
(1360, 5, 64, '2025-05-19 23:03:28'),
(1361, 1, 102, '2025-05-19 23:03:32'),
(1362, 6, 136, '2025-05-19 23:03:48'),
(1363, 7, 116, '2025-05-19 23:07:52'),
(1364, 5, 96, '2025-05-19 23:09:50'),
(1365, 5, 116, '2025-05-19 23:11:06'),
(1366, 5, 136, '2025-05-19 23:11:09'),
(1367, 5, 140, '2025-05-19 23:11:52'),
(1368, 2, 64, '2025-05-19 23:13:52'),
(1369, 1, 126, '2025-05-19 23:14:00'),
(1370, 5, 144, '2025-05-19 23:14:58'),
(1371, 1, 112, '2025-05-19 23:17:38'),
(1372, 4, 132, '2025-05-19 23:17:39'),
(1373, 1, 74, '2025-05-19 23:18:06'),
(1374, 1, 98, '2025-05-19 23:19:14'),
(1375, 7, 40, '2025-05-19 23:19:33'),
(1376, 7, 156, '2025-05-19 23:20:13'),
(1377, 4, 176, '2025-05-19 23:20:22'),
(1378, 3, 90, '2025-05-19 23:20:32'),
(1379, 5, 124, '2025-05-19 23:21:07'),
(1380, 7, 192, '2025-05-19 23:21:39'),
(1381, 1, 154, '2025-05-19 23:22:21'),
(1382, 1, 42, '2025-05-19 23:22:35'),
(1383, 1, 91, '2025-05-19 23:23:19'),
(1384, 4, 156, '2025-05-19 23:24:54'),
(1385, 1, 98, '2025-05-19 23:25:16'),
(1386, 7, 132, '2025-05-19 23:26:24'),
(1387, 5, 92, '2025-05-19 23:27:24'),
(1388, 6, 176, '2025-05-19 23:27:24'),
(1389, 1, 119, '2025-05-19 23:28:39'),
(1390, 7, 112, '2025-05-19 23:31:48'),
(1391, 7, 120, '2025-05-19 23:33:12'),
(1392, 5, 172, '2025-05-19 23:33:40'),
(1393, 1, 158, '2025-05-19 23:35:26'),
(1394, 2, 216, '2025-05-19 23:36:12'),
(1395, 5, 112, '2025-05-19 23:37:28');
INSERT INTO `pumps_incomes` (`id`, `pump_id`, `amount`, `date`) VALUES
(1396, 6, 12, '2025-05-19 23:41:03'),
(1397, 6, 116, '2025-05-19 23:41:41'),
(1398, 5, 104, '2025-05-19 23:42:23'),
(1399, 1, 32, '2025-05-19 23:43:10'),
(1400, 5, 104, '2025-05-19 23:44:50'),
(1401, 6, 100, '2025-05-19 23:44:56'),
(1402, 5, 176, '2025-05-19 23:45:57'),
(1403, 4, 132, '2025-05-19 23:46:19'),
(1404, 1, 126, '2025-05-19 23:46:56'),
(1405, 1, 119, '2025-05-19 23:47:03'),
(1406, 6, 108, '2025-05-19 23:47:11'),
(1407, 7, 88, '2025-05-19 23:50:43'),
(1408, 7, 136, '2025-05-19 23:51:03'),
(1409, 6, 152, '2025-05-19 23:51:22'),
(1410, 1, 112, '2025-05-19 23:52:36'),
(1411, 5, 100, '2025-05-19 23:54:41'),
(1412, 5, 96, '2025-05-19 23:55:01'),
(1413, 5, 156, '2025-05-19 23:55:02'),
(1414, 1, 105, '2025-05-19 23:56:11'),
(1415, 5, 48, '2025-05-19 23:56:55'),
(1416, 6, 96, '2025-05-19 23:57:00'),
(1417, 5, 132, '2025-05-19 23:57:54'),
(1418, 6, 140, '2025-05-19 23:58:27'),
(1419, 7, 184, '2025-05-19 23:59:45'),
(1420, 5, 72, '2025-05-20 00:01:42'),
(1421, 7, 32, '2025-05-20 00:02:09'),
(1422, 1, 84, '2025-05-20 00:02:24'),
(1423, 1, 18, '2025-05-20 00:02:31'),
(1424, 5, 108, '2025-05-20 00:03:00'),
(1425, 7, 148, '2025-05-20 00:03:14'),
(1426, 6, 132, '2025-05-20 00:03:39'),
(1427, 5, 128, '2025-05-20 00:04:23'),
(1428, 6, 196, '2025-05-20 00:05:15'),
(1429, 6, 116, '2025-05-20 00:05:35'),
(1430, 1, 116, '2025-05-20 00:05:42'),
(1431, 5, 76, '2025-05-20 00:05:59'),
(1432, 6, 72, '2025-05-20 00:08:08'),
(1433, 4, 44, '2025-05-20 00:09:41'),
(1434, 4, 80, '2025-05-20 00:09:50'),
(1435, 4, 36, '2025-05-20 00:10:05'),
(1436, 6, 132, '2025-05-20 00:12:42'),
(1437, 1, 102, '2025-05-20 00:18:41'),
(1438, 7, 168, '2025-05-20 00:21:20'),
(1439, 6, 124, '2025-05-20 00:23:35'),
(1440, 1, 95, '2025-05-20 00:23:38'),
(1441, 6, 168, '2025-05-20 00:24:07'),
(1442, 6, 100, '2025-05-20 00:26:29'),
(1443, 7, 112, '2025-05-20 00:28:11'),
(1444, 2, 140, '2025-05-20 00:28:11'),
(1445, 6, 104, '2025-05-20 00:28:44'),
(1446, 1, 56, '2025-05-20 00:28:58'),
(1447, 6, 180, '2025-05-20 00:29:41'),
(1448, 1, 147, '2025-05-20 00:30:53'),
(1449, 5, 112, '2025-05-20 00:31:41'),
(1450, 1, 116, '2025-05-20 00:35:34'),
(1451, 1, 63, '2025-05-20 00:36:43'),
(1452, 1, 67, '2025-05-20 00:37:12'),
(1453, 2, 116, '2025-05-20 00:37:25'),
(1454, 2, 128, '2025-05-20 00:37:37'),
(1455, 6, 108, '2025-05-20 00:37:38'),
(1456, 6, 100, '2025-05-20 00:40:04'),
(1457, 4, 72, '2025-05-20 00:40:06'),
(1458, 1, 116, '2025-05-20 00:40:19'),
(1459, 6, 44, '2025-05-20 00:41:55'),
(1460, 5, 108, '2025-05-20 00:43:57'),
(1461, 2, 20, '2025-05-20 00:44:50'),
(1462, 2, 84, '2025-05-20 00:45:04'),
(1463, 1, 189, '2025-05-20 00:45:47'),
(1464, 6, 92, '2025-05-20 00:47:36'),
(1465, 5, 132, '2025-05-20 00:47:40'),
(1466, 1, 95, '2025-05-20 00:47:51'),
(1467, 1, 133, '2025-05-20 00:49:39'),
(1468, 6, 68, '2025-05-20 00:49:55'),
(1469, 5, 172, '2025-05-20 00:51:35'),
(1470, 1, 137, '2025-05-20 00:53:26'),
(1471, 5, 180, '2025-05-20 00:56:33'),
(1472, 1, 144, '2025-05-20 00:58:51'),
(1473, 5, 128, '2025-05-20 00:59:48'),
(1474, 5, 116, '2025-05-20 01:01:24'),
(1475, 1, 70, '2025-05-20 01:01:26'),
(1476, 5, 116, '2025-05-20 01:01:32'),
(1477, 1, 151, '2025-05-20 01:03:50'),
(1478, 1, 28, '2025-05-20 01:08:45'),
(1479, 5, 180, '2025-05-20 01:11:23'),
(1480, 5, 124, '2025-05-20 01:11:55'),
(1481, 5, 140, '2025-05-20 01:12:26'),
(1482, 5, 124, '2025-05-20 01:14:59'),
(1483, 7, 124, '2025-05-20 01:15:11'),
(1484, 1, 84, '2025-05-20 01:16:31'),
(1485, 5, 168, '2025-05-20 01:16:38'),
(1486, 6, 124, '2025-05-20 01:18:09'),
(1487, 4, 120, '2025-05-20 01:18:24'),
(1488, 1, 56, '2025-05-20 01:21:36'),
(1489, 6, 144, '2025-05-20 01:21:49'),
(1490, 6, 184, '2025-05-20 01:21:51'),
(1491, 5, 48, '2025-05-20 01:23:10'),
(1492, 6, 128, '2025-05-20 01:24:49'),
(1493, 1, 21, '2025-05-20 01:25:13'),
(1494, 6, 52, '2025-05-20 01:28:11'),
(1495, 6, 164, '2025-05-20 01:28:51'),
(1496, 5, 100, '2025-05-20 01:29:17'),
(1497, 5, 180, '2025-05-20 01:29:46'),
(1498, 5, 124, '2025-05-20 01:30:27'),
(1499, 4, 84, '2025-05-20 01:30:37'),
(1500, 1, 144, '2025-05-20 01:30:50'),
(1501, 1, 144, '2025-05-20 01:30:53'),
(1502, 1, 32, '2025-05-20 01:36:46'),
(1503, 1, 102, '2025-05-20 01:38:38'),
(1504, 4, 160, '2025-05-20 01:40:00'),
(1505, 7, 228, '2025-05-20 01:43:01'),
(1506, 4, 64, '2025-05-20 01:45:35'),
(1507, 4, 12, '2025-05-20 01:45:51'),
(1508, 6, 108, '2025-05-20 01:46:58'),
(1509, 5, 224, '2025-05-20 01:47:01'),
(1510, 1, 18, '2025-05-20 01:48:04'),
(1511, 5, 148, '2025-05-20 01:48:46'),
(1512, 1, 102, '2025-05-20 01:49:01'),
(1513, 6, 92, '2025-05-20 01:49:21'),
(1514, 2, 104, '2025-05-20 01:49:29'),
(1515, 5, 88, '2025-05-20 01:51:03'),
(1516, 5, 128, '2025-05-20 01:53:33'),
(1517, 1, 123, '2025-05-20 01:54:12'),
(1518, 1, 74, '2025-05-20 01:54:36'),
(1519, 1, 109, '2025-05-20 01:58:00'),
(1520, 5, 104, '2025-05-20 02:01:18'),
(1521, 4, 80, '2025-05-20 02:02:53'),
(1522, 1, 151, '2025-05-20 02:05:16'),
(1523, 5, 60, '2025-05-20 02:06:09'),
(1524, 1, 84, '2025-05-20 02:09:09'),
(1525, 4, 136, '2025-05-20 02:17:41'),
(1526, 5, 60, '2025-05-20 02:18:46'),
(1527, 5, 4, '2025-05-20 02:18:52'),
(1528, 1, 112, '2025-05-20 02:19:16'),
(1529, 1, 98, '2025-05-20 02:22:01'),
(1530, 1, 214, '2025-05-20 02:23:17'),
(1531, 6, 64, '2025-05-20 02:23:19'),
(1532, 5, 80, '2025-05-20 02:24:29'),
(1533, 2, 136, '2025-05-20 02:24:32'),
(1534, 5, 16, '2025-05-20 02:25:57'),
(1535, 5, 32, '2025-05-20 02:26:06'),
(1536, 5, 16, '2025-05-20 02:26:18'),
(1537, 5, 8, '2025-05-20 02:26:20'),
(1538, 1, 98, '2025-05-20 02:30:38'),
(1539, 7, 124, '2025-05-20 02:39:45'),
(1540, 6, 108, '2025-05-20 02:43:17'),
(1541, 1, 95, '2025-05-20 02:43:54'),
(1542, 1, 161, '2025-05-20 02:44:10'),
(1543, 6, 112, '2025-05-20 02:44:51'),
(1544, 6, 116, '2025-05-20 02:45:30'),
(1545, 4, 148, '2025-05-20 02:45:53'),
(1546, 1, 77, '2025-05-20 02:52:06'),
(1547, 6, 140, '2025-05-20 02:58:13'),
(1548, 1, 112, '2025-05-20 03:00:00'),
(1549, 6, 92, '2025-05-20 03:09:29'),
(1550, 6, 156, '2025-05-20 03:13:34'),
(1551, 4, 112, '2025-05-20 03:14:57'),
(1552, 1, 207, '2025-05-20 03:20:57'),
(1553, 6, 124, '2025-05-20 03:23:07'),
(1554, 6, 140, '2025-05-20 03:24:16'),
(1555, 6, 124, '2025-05-20 03:25:38'),
(1556, 1, 98, '2025-05-20 03:26:42'),
(1557, 1, 70, '2025-05-20 03:28:25'),
(1558, 6, 128, '2025-05-20 03:47:26'),
(1559, 1, 91, '2025-05-20 03:50:14'),
(1560, 2, 220, '2025-05-20 03:50:17'),
(1561, 1, 130, '2025-05-20 03:52:38'),
(1562, 6, 128, '2025-05-20 03:53:06'),
(1563, 1, 63, '2025-05-20 03:54:38'),
(1564, 6, 124, '2025-05-20 03:56:53'),
(1565, 4, 32, '2025-05-20 04:03:53'),
(1566, 6, 124, '2025-05-20 04:10:57'),
(1567, 6, 188, '2025-05-20 04:19:21'),
(1568, 2, 160, '2025-05-20 04:19:35'),
(1569, 3, 240, '2025-05-20 04:34:18'),
(1570, 1, 119, '2025-05-20 04:36:55'),
(1571, 6, 176, '2025-05-20 04:42:58'),
(1572, 7, 72, '2025-05-20 04:54:15'),
(1573, 1, 88, '2025-05-20 04:57:44'),
(1574, 1, 172, '2025-05-20 04:59:06'),
(1575, 6, 92, '2025-05-20 05:07:16'),
(1576, 1, 102, '2025-05-20 05:11:02'),
(1577, 1, 133, '2025-05-20 05:12:22'),
(1578, 7, 128, '2025-05-20 05:18:57'),
(1579, 1, 112, '2025-05-20 05:34:22'),
(1580, 1, 116, '2025-05-20 05:34:36'),
(1581, 2, 4, '2025-05-20 05:40:54'),
(1582, 2, 32, '2025-05-20 05:41:10'),
(1583, 6, 68, '2025-05-20 05:42:24'),
(1584, 1, 63, '2025-05-20 05:44:00'),
(1585, 1, 46, '2025-05-20 05:44:12'),
(1586, 1, 151, '2025-05-20 06:05:18'),
(1587, 1, 84, '2025-05-20 06:07:28'),
(1588, 1, 67, '2025-05-20 06:07:57'),
(1589, 6, 100, '2025-05-20 06:08:03'),
(1590, 1, 81, '2025-05-20 06:23:06'),
(1591, 1, 67, '2025-05-20 06:43:52'),
(1592, 3, 395, '2025-05-20 06:50:45'),
(1593, 1, 84, '2025-05-20 06:52:54'),
(1594, 7, 148, '2025-05-20 07:13:49'),
(1595, 6, 136, '2025-05-20 08:09:02'),
(1596, 6, 164, '2025-05-20 08:14:07'),
(1597, 1, 116, '2025-05-20 08:15:03'),
(1598, 2, 172, '2025-05-20 19:08:14'),
(1599, 1, 46, '2025-05-20 19:08:36'),
(1600, 1, 32, '2025-05-20 19:08:45'),
(1601, 1, 102, '2025-05-20 19:09:03'),
(1602, 7, 84, '2025-05-20 19:09:14'),
(1603, 2, 84, '2025-05-20 19:09:42'),
(1604, 6, 84, '2025-05-20 19:10:15'),
(1605, 6, 132, '2025-05-20 19:37:14'),
(1606, 7, 164, '2025-05-20 19:37:26'),
(1607, 7, 4, '2025-05-20 19:37:27'),
(1608, 1, 60, '2025-05-20 19:37:39'),
(1609, 6, 100, '2025-05-20 19:37:42'),
(1610, 6, 68, '2025-05-20 19:37:42'),
(1611, 6, 148, '2025-05-20 19:37:43'),
(1612, 6, 148, '2025-05-20 19:38:01'),
(1613, 1, 154, '2025-05-20 19:38:14'),
(1614, 4, 120, '2025-05-20 19:38:35'),
(1615, 2, 100, '2025-05-20 19:55:10'),
(1616, 1, 140, '2025-05-20 19:55:30'),
(1617, 6, 240, '2025-05-20 19:55:46'),
(1618, 3, 10, '2025-05-20 20:02:27'),
(1619, 6, 152, '2025-05-20 20:03:24'),
(1620, 1, 130, '2025-05-20 20:03:27'),
(1621, 7, 140, '2025-05-20 20:03:45'),
(1622, 1, 60, '2025-05-20 20:03:59'),
(1623, 1, 98, '2025-05-20 20:04:12'),
(1624, 6, 92, '2025-05-20 20:04:14'),
(1625, 2, 120, '2025-05-20 20:04:23'),
(1626, 5, 176, '2025-05-20 20:04:23'),
(1627, 6, 92, '2025-05-20 20:04:55'),
(1628, 1, 123, '2025-05-20 20:05:17'),
(1629, 6, 16, '2025-05-20 20:05:27'),
(1630, 6, 4, '2025-05-20 20:05:28'),
(1631, 5, 184, '2025-05-20 20:05:52'),
(1632, 5, 84, '2025-05-20 20:06:14'),
(1633, 1, 28, '2025-05-20 20:06:29'),
(1634, 1, 119, '2025-05-20 20:06:30'),
(1635, 1, 39, '2025-05-20 20:06:37'),
(1636, 2, 76, '2025-05-20 20:06:39'),
(1637, 1, 70, '2025-05-20 20:06:40'),
(1638, 1, 88, '2025-05-20 20:06:40'),
(1639, 6, 36, '2025-05-20 20:06:42'),
(1640, 5, 132, '2025-05-20 20:06:43'),
(1641, 6, 140, '2025-05-20 20:06:43'),
(1642, 6, 104, '2025-05-20 20:06:44'),
(1643, 7, 112, '2025-05-20 20:06:44'),
(1644, 5, 68, '2025-05-20 20:06:48'),
(1645, 4, 104, '2025-05-20 20:06:54'),
(1646, 1, 70, '2025-05-20 20:06:55'),
(1647, 6, 64, '2025-05-20 20:16:43'),
(1648, 1, 168, '2025-05-20 20:16:44'),
(1649, 5, 84, '2025-05-20 20:16:44'),
(1650, 1, 28, '2025-05-20 20:16:52'),
(1651, 1, 46, '2025-05-20 20:16:53'),
(1652, 4, 104, '2025-05-20 20:17:02'),
(1653, 5, 100, '2025-05-20 20:17:07'),
(1654, 5, 72, '2025-05-20 20:17:07'),
(1655, 5, 128, '2025-05-20 20:17:32'),
(1656, 7, 164, '2025-05-20 20:17:35'),
(1657, 2, 72, '2025-05-20 20:17:36'),
(1658, 2, 88, '2025-05-20 20:17:37'),
(1659, 1, 21, '2025-05-20 20:17:45'),
(1660, 5, 8, '2025-05-20 20:24:28'),
(1661, 5, 108, '2025-05-20 20:24:31'),
(1662, 2, 128, '2025-05-20 20:24:37'),
(1663, 6, 104, '2025-05-20 20:24:45'),
(1664, 7, 112, '2025-05-20 20:24:51'),
(1665, 4, 84, '2025-05-20 20:31:40'),
(1666, 4, 8, '2025-05-20 20:31:46'),
(1667, 4, 152, '2025-05-20 20:31:49'),
(1668, 1, 42, '2025-05-20 20:32:03'),
(1669, 1, 126, '2025-05-20 20:33:23'),
(1670, 1, 81, '2025-05-20 20:33:39'),
(1671, 1, 130, '2025-05-20 20:33:44'),
(1672, 1, 42, '2025-05-20 20:47:39'),
(1673, 1, 95, '2025-05-20 20:57:51'),
(1674, 2, 128, '2025-05-20 20:57:53'),
(1675, 1, 147, '2025-05-20 21:04:48'),
(1676, 2, 152, '2025-05-20 21:05:29'),
(1677, 7, 132, '2025-05-20 21:05:30'),
(1678, 5, 68, '2025-05-20 21:05:32'),
(1679, 6, 148, '2025-05-20 21:05:57'),
(1680, 1, 84, '2025-05-20 21:05:57'),
(1681, 1, 105, '2025-05-20 21:05:58'),
(1682, 1, 102, '2025-05-20 21:06:01'),
(1683, 1, 102, '2025-05-20 21:06:25'),
(1684, 7, 148, '2025-05-20 21:27:21'),
(1685, 1, 140, '2025-05-20 21:27:27'),
(1686, 4, 212, '2025-05-20 21:27:34'),
(1687, 1, 119, '2025-05-20 21:27:49'),
(1688, 1, 74, '2025-05-20 21:36:53'),
(1689, 5, 64, '2025-05-20 21:36:57'),
(1690, 1, 105, '2025-05-20 21:36:58'),
(1691, 5, 116, '2025-05-20 21:37:19'),
(1692, 6, 128, '2025-05-20 21:56:09'),
(1693, 6, 124, '2025-05-20 22:05:27'),
(1694, 5, 128, '2025-05-20 22:05:31'),
(1695, 5, 128, '2025-05-20 22:05:32'),
(1696, 7, 72, '2025-05-20 22:05:52'),
(1697, 4, 80, '2025-05-20 22:05:56'),
(1698, 1, 126, '2025-05-20 22:05:59'),
(1699, 5, 124, '2025-05-20 22:06:08'),
(1700, 5, 64, '2025-05-20 22:06:13'),
(1701, 5, 180, '2025-05-20 22:06:14'),
(1702, 5, 132, '2025-05-20 22:06:38'),
(1703, 5, 132, '2025-05-20 22:06:44'),
(1704, 4, 76, '2025-05-20 22:06:59'),
(1705, 1, 91, '2025-05-20 22:07:14'),
(1706, 5, 80, '2025-05-20 22:07:18'),
(1707, 7, 160, '2025-05-20 22:07:30'),
(1708, 5, 92, '2025-05-20 22:08:11'),
(1709, 6, 144, '2025-05-20 22:08:14'),
(1710, 2, 84, '2025-05-20 22:08:15'),
(1711, 2, 12, '2025-05-20 22:08:28'),
(1712, 6, 60, '2025-05-20 22:09:02'),
(1713, 6, 112, '2025-05-20 22:09:03'),
(1714, 4, 132, '2025-05-20 22:09:30'),
(1715, 5, 68, '2025-05-20 22:09:57'),
(1716, 1, 102, '2025-05-20 22:10:28'),
(1717, 4, 164, '2025-05-20 22:10:46'),
(1718, 5, 192, '2025-05-20 22:11:14'),
(1719, 5, 52, '2025-05-20 22:11:15'),
(1720, 6, 152, '2025-05-20 22:11:26'),
(1721, 1, 70, '2025-05-20 22:11:27'),
(1722, 1, 105, '2025-05-20 22:11:51'),
(1723, 5, 120, '2025-05-20 22:12:19'),
(1724, 6, 124, '2025-05-20 22:12:20'),
(1725, 1, 116, '2025-05-20 22:12:47'),
(1726, 1, 123, '2025-05-20 22:12:48'),
(1727, 1, 133, '2025-05-20 22:12:51'),
(1728, 6, 140, '2025-05-20 22:13:02'),
(1729, 5, 144, '2025-05-20 22:13:06'),
(1730, 6, 92, '2025-05-20 22:13:07'),
(1731, 1, 74, '2025-05-20 22:13:20'),
(1732, 1, 11, '2025-05-20 22:13:21'),
(1733, 4, 180, '2025-05-20 22:13:23'),
(1734, 5, 120, '2025-05-20 22:13:29'),
(1735, 5, 144, '2025-05-20 22:13:33'),
(1736, 4, 100, '2025-05-20 22:13:47'),
(1737, 4, 84, '2025-05-20 22:14:12'),
(1738, 1, 102, '2025-05-20 22:14:17'),
(1739, 1, 130, '2025-05-20 22:14:55'),
(1740, 1, 74, '2025-05-20 22:14:58'),
(1741, 4, 68, '2025-05-20 22:15:12'),
(1742, 6, 104, '2025-05-20 22:15:18'),
(1743, 4, 140, '2025-05-20 22:15:28'),
(1744, 4, 48, '2025-05-20 22:16:10'),
(1745, 5, 188, '2025-05-20 22:16:19'),
(1746, 2, 52, '2025-05-20 22:16:23'),
(1747, 1, 32, '2025-05-20 22:16:46'),
(1748, 1, 140, '2025-05-20 22:16:48'),
(1749, 5, 120, '2025-05-20 22:17:03'),
(1750, 5, 96, '2025-05-20 22:17:12'),
(1751, 1, 77, '2025-05-20 22:17:16'),
(1752, 5, 144, '2025-05-20 22:17:25'),
(1753, 6, 104, '2025-05-20 22:18:22'),
(1754, 5, 120, '2025-05-20 22:18:31'),
(1755, 1, 77, '2025-05-20 22:18:45'),
(1756, 1, 147, '2025-05-20 22:19:02'),
(1757, 1, 46, '2025-05-20 22:19:09'),
(1758, 1, 98, '2025-05-20 22:19:35'),
(1759, 6, 84, '2025-05-20 22:20:11'),
(1760, 5, 184, '2025-05-20 22:20:31'),
(1761, 6, 140, '2025-05-20 22:20:31'),
(1762, 4, 176, '2025-05-20 22:20:45'),
(1763, 4, 112, '2025-05-20 22:20:47'),
(1764, 1, 91, '2025-05-20 22:20:53'),
(1765, 1, 98, '2025-05-20 22:21:17'),
(1766, 4, 160, '2025-05-20 22:21:24'),
(1767, 6, 112, '2025-05-20 22:21:26'),
(1768, 4, 116, '2025-05-20 22:21:40'),
(1769, 1, 109, '2025-05-20 22:49:53'),
(1770, 5, 72, '2025-05-20 22:49:58'),
(1771, 7, 116, '2025-05-20 23:12:24'),
(1772, 1, 112, '2025-05-20 23:13:12'),
(1773, 5, 184, '2025-05-20 23:13:13'),
(1774, 5, 108, '2025-05-20 23:13:17'),
(1775, 1, 35, '2025-05-20 23:13:42'),
(1776, 1, 35, '2025-05-20 23:13:46'),
(1777, 1, 130, '2025-05-20 23:13:48'),
(1778, 5, 228, '2025-05-20 23:13:49'),
(1779, 5, 36, '2025-05-20 23:14:00'),
(1780, 5, 128, '2025-05-20 23:14:29'),
(1781, 1, 77, '2025-05-20 23:15:13'),
(1782, 1, 42, '2025-05-20 23:15:27'),
(1783, 1, 81, '2025-05-20 23:15:33'),
(1784, 5, 144, '2025-05-20 23:15:52'),
(1785, 1, 105, '2025-05-20 23:15:53'),
(1786, 1, 105, '2025-05-20 23:15:57'),
(1787, 6, 224, '2025-05-20 23:15:58'),
(1788, 2, 104, '2025-05-20 23:16:03'),
(1789, 1, 42, '2025-05-20 23:16:28'),
(1790, 6, 60, '2025-05-20 23:16:29'),
(1791, 2, 136, '2025-05-20 23:16:38'),
(1792, 7, 120, '2025-05-20 23:16:50'),
(1793, 1, 4, '2025-05-20 23:17:05'),
(1794, 1, 67, '2025-05-20 23:17:12'),
(1795, 1, 63, '2025-05-20 23:17:15'),
(1796, 4, 132, '2025-05-20 23:17:22'),
(1797, 6, 152, '2025-05-20 23:17:23'),
(1798, 2, 128, '2025-05-20 23:17:24'),
(1799, 4, 92, '2025-05-20 23:17:26'),
(1800, 6, 168, '2025-05-20 23:17:33'),
(1801, 2, 116, '2025-05-20 23:17:39'),
(1802, 1, 116, '2025-05-20 23:18:05'),
(1803, 5, 104, '2025-05-20 23:18:10'),
(1804, 2, 68, '2025-05-20 23:18:19'),
(1805, 5, 68, '2025-05-20 23:18:23'),
(1806, 1, 53, '2025-05-20 23:18:24'),
(1807, 5, 180, '2025-05-20 23:18:34'),
(1808, 2, 72, '2025-05-20 23:18:41'),
(1809, 1, 21, '2025-05-20 23:18:48'),
(1810, 1, 305, '2025-05-20 23:19:03'),
(1811, 6, 156, '2025-05-20 23:19:19'),
(1812, 5, 72, '2025-05-20 23:19:37'),
(1813, 6, 120, '2025-05-20 23:19:45'),
(1814, 1, 140, '2025-05-20 23:20:07'),
(1815, 1, 102, '2025-05-20 23:20:13'),
(1816, 1, 77, '2025-05-20 23:20:14'),
(1817, 5, 136, '2025-05-20 23:20:16'),
(1818, 1, 95, '2025-05-20 23:20:21'),
(1819, 1, 32, '2025-05-20 23:20:41'),
(1820, 5, 208, '2025-05-20 23:20:42'),
(1821, 5, 84, '2025-05-20 23:20:43'),
(1822, 5, 92, '2025-05-20 23:20:50'),
(1823, 1, 165, '2025-05-20 23:20:59'),
(1824, 5, 64, '2025-05-20 23:22:05'),
(1825, 5, 68, '2025-05-20 23:22:08'),
(1826, 1, 126, '2025-05-20 23:22:11'),
(1827, 5, 140, '2025-05-20 23:22:17'),
(1828, 1, 53, '2025-05-20 23:22:18'),
(1829, 5, 132, '2025-05-20 23:22:20'),
(1830, 1, 116, '2025-05-20 23:22:22'),
(1831, 1, 112, '2025-05-20 23:22:24'),
(1832, 2, 68, '2025-05-20 23:22:41'),
(1833, 7, 44, '2025-05-20 23:22:44'),
(1834, 4, 152, '2025-05-20 23:22:58'),
(1835, 1, 32, '2025-05-20 23:24:05'),
(1836, 5, 136, '2025-05-20 23:24:15'),
(1837, 5, 84, '2025-05-20 23:24:19'),
(1838, 6, 160, '2025-05-20 23:24:25'),
(1839, 1, 161, '2025-05-20 23:24:25'),
(1840, 5, 36, '2025-05-20 23:24:25'),
(1841, 5, 28, '2025-05-20 23:24:28'),
(1842, 5, 4, '2025-05-20 23:24:29'),
(1843, 5, 4, '2025-05-20 23:24:30'),
(1844, 5, 4, '2025-05-20 23:24:30'),
(1845, 1, 105, '2025-05-20 23:24:31'),
(1846, 5, 44, '2025-05-20 23:24:32'),
(1847, 5, 12, '2025-05-20 23:24:34'),
(1848, 4, 104, '2025-05-20 23:24:51'),
(1849, 5, 56, '2025-05-20 23:24:53'),
(1850, 2, 104, '2025-05-20 23:24:57'),
(1851, 1, 14, '2025-05-20 23:25:11'),
(1852, 5, 108, '2025-05-20 23:25:23'),
(1853, 2, 76, '2025-05-20 23:25:25'),
(1854, 1, 91, '2025-05-20 23:25:27'),
(1855, 1, 74, '2025-05-20 23:26:04'),
(1856, 4, 120, '2025-05-20 23:26:05'),
(1857, 6, 72, '2025-05-20 23:26:12'),
(1858, 6, 44, '2025-05-20 23:26:12'),
(1859, 5, 180, '2025-05-20 23:26:17'),
(1860, 1, 116, '2025-05-20 23:26:51'),
(1861, 1, 112, '2025-05-20 23:26:57'),
(1862, 7, 60, '2025-05-20 23:26:58'),
(1863, 5, 140, '2025-05-20 23:27:23'),
(1864, 5, 136, '2025-05-20 23:27:37'),
(1865, 5, 144, '2025-05-20 23:27:40'),
(1866, 1, 147, '2025-05-20 23:27:40'),
(1867, 3, 10, '2025-05-20 23:27:44'),
(1868, 3, 240, '2025-05-20 23:27:55'),
(1869, 7, 152, '2025-05-20 23:27:55'),
(1870, 5, 116, '2025-05-20 23:28:01'),
(1871, 1, 130, '2025-05-20 23:28:02'),
(1872, 5, 64, '2025-05-20 23:28:03'),
(1873, 1, 63, '2025-05-20 23:28:04'),
(1874, 6, 72, '2025-05-20 23:28:06'),
(1875, 1, 60, '2025-05-20 23:28:25'),
(1876, 5, 128, '2025-05-20 23:28:28'),
(1877, 5, 124, '2025-05-20 23:28:31'),
(1878, 7, 36, '2025-05-20 23:28:55'),
(1879, 5, 160, '2025-05-20 23:29:13'),
(1880, 1, 119, '2025-05-20 23:29:34'),
(1881, 5, 80, '2025-05-20 23:29:34'),
(1882, 5, 120, '2025-05-20 23:29:35'),
(1883, 1, 123, '2025-05-20 23:29:36'),
(1884, 5, 100, '2025-05-20 23:29:36'),
(1885, 5, 88, '2025-05-20 23:29:37'),
(1886, 5, 64, '2025-05-20 23:29:44'),
(1887, 1, 112, '2025-05-20 23:29:51'),
(1888, 7, 40, '2025-05-20 23:30:13'),
(1889, 7, 44, '2025-05-20 23:30:14'),
(1890, 5, 132, '2025-05-20 23:30:15'),
(1891, 1, 42, '2025-05-20 23:30:29'),
(1892, 6, 152, '2025-05-20 23:31:15'),
(1893, 5, 192, '2025-05-20 23:31:50'),
(1894, 5, 128, '2025-05-20 23:31:59'),
(1895, 5, 120, '2025-05-20 23:32:14'),
(1896, 7, 124, '2025-05-20 23:32:16'),
(1897, 6, 116, '2025-05-20 23:32:21'),
(1898, 5, 96, '2025-05-20 23:32:45'),
(1899, 5, 156, '2025-05-20 23:32:47'),
(1900, 6, 144, '2025-05-20 23:32:47'),
(1901, 5, 120, '2025-05-20 23:32:53'),
(1902, 1, 144, '2025-05-20 23:33:10'),
(1903, 7, 88, '2025-05-20 23:33:19'),
(1904, 1, 42, '2025-05-20 23:33:24'),
(1905, 5, 148, '2025-05-20 23:33:28'),
(1906, 5, 88, '2025-05-20 23:33:33'),
(1907, 5, 52, '2025-05-20 23:33:51'),
(1908, 4, 80, '2025-05-20 23:33:53'),
(1909, 7, 88, '2025-05-20 23:33:55'),
(1910, 2, 120, '2025-05-20 23:33:55'),
(1911, 5, 12, '2025-05-20 23:33:58'),
(1912, 5, 120, '2025-05-20 23:34:01'),
(1913, 5, 56, '2025-05-20 23:34:01'),
(1914, 2, 136, '2025-05-20 23:34:08'),
(1915, 6, 104, '2025-05-20 23:34:18'),
(1916, 1, 11, '2025-05-20 23:34:22'),
(1917, 7, 88, '2025-05-20 23:34:54'),
(1918, 7, 120, '2025-05-20 23:34:58'),
(1919, 2, 160, '2025-05-20 23:34:59'),
(1920, 5, 116, '2025-05-20 23:35:00'),
(1921, 4, 108, '2025-05-20 23:35:01'),
(1922, 4, 120, '2025-05-20 23:35:10'),
(1923, 2, 24, '2025-05-20 23:35:16'),
(1924, 5, 92, '2025-05-20 23:35:38'),
(1925, 3, 265, '2025-05-20 23:36:22'),
(1926, 1, 158, '2025-05-20 23:37:04'),
(1927, 7, 148, '2025-05-20 23:37:06'),
(1928, 7, 96, '2025-05-20 23:37:06'),
(1929, 6, 128, '2025-05-20 23:37:11'),
(1930, 3, 340, '2025-05-20 23:37:28'),
(1931, 7, 152, '2025-05-20 23:37:37'),
(1932, 6, 136, '2025-05-20 23:38:00'),
(1933, 6, 160, '2025-05-20 23:38:28'),
(1934, 4, 124, '2025-05-20 23:38:33'),
(1935, 1, 119, '2025-05-20 23:38:35'),
(1936, 1, 18, '2025-05-20 23:38:46'),
(1937, 1, 77, '2025-05-20 23:38:50'),
(1938, 1, 67, '2025-05-20 23:38:51'),
(1939, 5, 172, '2025-05-20 23:38:51'),
(1940, 1, 81, '2025-05-20 23:38:53'),
(1941, 6, 96, '2025-05-20 23:39:02'),
(1942, 4, 164, '2025-05-20 23:39:07'),
(1943, 5, 68, '2025-05-20 23:39:15'),
(1944, 4, 164, '2025-05-20 23:39:16'),
(1945, 4, 64, '2025-05-20 23:39:22'),
(1946, 6, 48, '2025-05-20 23:39:24'),
(1947, 6, 108, '2025-05-20 23:39:27'),
(1948, 1, 140, '2025-05-20 23:39:29'),
(1949, 2, 152, '2025-05-20 23:39:30'),
(1950, 1, 67, '2025-05-20 23:39:31'),
(1951, 6, 48, '2025-05-20 23:39:32'),
(1952, 7, 96, '2025-05-20 23:39:39'),
(1953, 6, 12, '2025-05-20 23:39:39'),
(1954, 6, 20, '2025-05-20 23:39:40'),
(1955, 5, 120, '2025-05-20 23:39:41'),
(1956, 6, 20, '2025-05-20 23:39:42'),
(1957, 7, 116, '2025-05-20 23:39:45'),
(1958, 6, 68, '2025-05-20 23:39:45'),
(1959, 7, 84, '2025-05-20 23:39:48'),
(1960, 7, 100, '2025-05-20 23:39:49'),
(1961, 1, 42, '2025-05-20 23:39:51'),
(1962, 4, 8, '2025-05-20 23:40:06'),
(1963, 6, 180, '2025-05-20 23:40:06'),
(1964, 5, 152, '2025-05-20 23:40:06'),
(1965, 4, 120, '2025-05-20 23:40:10'),
(1966, 5, 132, '2025-05-20 23:40:16'),
(1967, 5, 48, '2025-05-20 23:40:17'),
(1968, 1, 63, '2025-05-20 23:40:17'),
(1969, 5, 48, '2025-05-20 23:40:18'),
(1970, 1, 123, '2025-05-20 23:40:27'),
(1971, 2, 124, '2025-05-20 23:40:28'),
(1972, 5, 64, '2025-05-20 23:40:40'),
(1973, 4, 172, '2025-05-20 23:40:43'),
(1974, 7, 140, '2025-05-20 23:40:45'),
(1975, 1, 137, '2025-05-20 23:40:51'),
(1976, 1, 84, '2025-05-20 23:40:55'),
(1977, 4, 104, '2025-05-20 23:40:57'),
(1978, 3, 230, '2025-05-20 23:41:02'),
(1979, 1, 116, '2025-05-20 23:41:04'),
(1980, 4, 76, '2025-05-20 23:41:18'),
(1981, 4, 112, '2025-05-20 23:41:18'),
(1982, 6, 92, '2025-05-20 23:41:45'),
(1983, 5, 36, '2025-05-20 23:41:55'),
(1984, 5, 40, '2025-05-20 23:42:03'),
(1985, 6, 100, '2025-05-20 23:42:06'),
(1986, 1, 95, '2025-05-20 23:42:11'),
(1987, 2, 116, '2025-05-20 23:42:12'),
(1988, 1, 56, '2025-05-20 23:42:13'),
(1989, 1, 39, '2025-05-20 23:42:14'),
(1990, 1, 67, '2025-05-20 23:42:21'),
(1991, 1, 105, '2025-05-20 23:42:22'),
(1992, 1, 60, '2025-05-20 23:42:23'),
(1993, 4, 124, '2025-05-20 23:42:43'),
(1994, 6, 152, '2025-05-20 23:43:10'),
(1995, 4, 136, '2025-05-20 23:43:10'),
(1996, 2, 96, '2025-05-20 23:43:11'),
(1997, 6, 68, '2025-05-20 23:43:11'),
(1998, 1, 53, '2025-05-20 23:43:31'),
(1999, 7, 112, '2025-05-20 23:43:39'),
(2000, 1, 126, '2025-05-20 23:43:49'),
(2001, 6, 124, '2025-05-20 23:44:02'),
(2002, 6, 12, '2025-05-20 23:44:04'),
(2003, 6, 4, '2025-05-20 23:44:06'),
(2004, 4, 180, '2025-05-20 23:44:14'),
(2005, 6, 160, '2025-05-20 23:44:19'),
(2006, 6, 120, '2025-05-20 23:44:20'),
(2007, 1, 91, '2025-05-20 23:44:21'),
(2008, 6, 168, '2025-05-20 23:44:30'),
(2009, 6, 120, '2025-05-20 23:44:31'),
(2010, 1, 95, '2025-05-20 23:44:39'),
(2011, 6, 52, '2025-05-20 23:44:41'),
(2012, 2, 92, '2025-05-20 23:44:43'),
(2013, 7, 188, '2025-05-20 23:44:44'),
(2014, 1, 98, '2025-05-20 23:44:52'),
(2015, 4, 144, '2025-05-20 23:45:00'),
(2016, 6, 120, '2025-05-20 23:45:03'),
(2017, 6, 228, '2025-05-20 23:45:06'),
(2018, 6, 208, '2025-05-20 23:45:06'),
(2019, 4, 92, '2025-05-20 23:45:07'),
(2020, 7, 140, '2025-05-20 23:45:12'),
(2021, 1, 154, '2025-05-20 23:45:24'),
(2022, 6, 64, '2025-05-20 23:46:02'),
(2023, 1, 123, '2025-05-20 23:46:03'),
(2024, 6, 64, '2025-05-20 23:46:17'),
(2025, 1, 60, '2025-05-20 23:46:25'),
(2026, 6, 100, '2025-05-20 23:46:36'),
(2027, 1, 147, '2025-05-20 23:46:57'),
(2028, 6, 84, '2025-05-20 23:47:05'),
(2029, 6, 92, '2025-05-20 23:47:13'),
(2030, 1, 105, '2025-05-20 23:47:21'),
(2031, 1, 102, '2025-05-20 23:47:36'),
(2032, 7, 112, '2025-05-20 23:47:41'),
(2033, 6, 68, '2025-05-20 23:47:52'),
(2034, 7, 76, '2025-05-20 23:47:57'),
(2035, 6, 152, '2025-05-20 23:47:57'),
(2036, 6, 4, '2025-05-20 23:47:58'),
(2037, 6, 52, '2025-05-20 23:48:02'),
(2038, 6, 84, '2025-05-20 23:48:12'),
(2039, 6, 60, '2025-05-20 23:48:21'),
(2040, 7, 120, '2025-05-20 23:48:21'),
(2041, 1, 105, '2025-05-20 23:48:56'),
(2042, 6, 156, '2025-05-20 23:49:31'),
(2043, 7, 104, '2025-05-20 23:50:02'),
(2044, 6, 44, '2025-05-20 23:50:22'),
(2045, 6, 80, '2025-05-20 23:51:08'),
(2046, 1, 172, '2025-05-20 23:51:48'),
(2047, 1, 60, '2025-05-20 23:52:07'),
(2048, 6, 92, '2025-05-20 23:52:41'),
(2049, 1, 224, '2025-05-20 23:52:50'),
(2050, 1, 32, '2025-05-20 23:53:28'),
(2051, 4, 136, '2025-05-20 23:55:11'),
(2052, 1, 84, '2025-05-20 23:55:57'),
(2053, 1, 214, '2025-05-20 23:58:44'),
(2054, 7, 112, '2025-05-20 23:59:19'),
(2055, 1, 91, '2025-05-21 00:01:18'),
(2056, 6, 88, '2025-05-21 00:01:48'),
(2057, 7, 116, '2025-05-21 00:03:10'),
(2058, 4, 76, '2025-05-21 00:05:40'),
(2059, 6, 88, '2025-05-21 00:06:17'),
(2060, 1, 98, '2025-05-21 00:07:50'),
(2061, 1, 126, '2025-05-21 00:08:09'),
(2062, 1, 42, '2025-05-21 00:08:55'),
(2063, 7, 180, '2025-05-21 00:09:48'),
(2064, 1, 172, '2025-05-21 00:10:12'),
(2065, 1, 123, '2025-05-21 00:11:12'),
(2066, 6, 8, '2025-05-21 00:11:36'),
(2067, 1, 70, '2025-05-21 00:12:42'),
(2068, 1, 81, '2025-05-21 00:14:03'),
(2069, 1, 49, '2025-05-21 00:14:21'),
(2070, 6, 56, '2025-05-21 00:15:24'),
(2071, 1, 42, '2025-05-21 00:16:30'),
(2072, 1, 161, '2025-05-21 00:17:48'),
(2073, 4, 116, '2025-05-21 00:17:54'),
(2074, 1, 67, '2025-05-21 00:18:00'),
(2075, 2, 112, '2025-05-21 00:18:44'),
(2076, 4, 92, '2025-05-21 00:20:20'),
(2077, 1, 60, '2025-05-21 00:23:18'),
(2078, 1, 84, '2025-05-21 00:23:30'),
(2079, 4, 108, '2025-05-21 00:25:40'),
(2080, 6, 104, '2025-05-21 00:26:27'),
(2081, 1, 140, '2025-05-21 00:27:04'),
(2082, 4, 84, '2025-05-21 00:34:49'),
(2083, 6, 84, '2025-05-21 00:41:00'),
(2084, 4, 88, '2025-05-21 00:41:47'),
(2085, 1, 147, '2025-05-21 00:43:13'),
(2086, 6, 140, '2025-05-21 00:45:45'),
(2087, 1, 77, '2025-05-21 00:50:09'),
(2088, 6, 188, '2025-05-21 00:50:58'),
(2089, 6, 40, '2025-05-21 00:52:21'),
(2090, 2, 92, '2025-05-21 00:53:50'),
(2091, 2, 100, '2025-05-21 00:57:20'),
(2092, 7, 92, '2025-05-21 00:57:23'),
(2093, 2, 124, '2025-05-21 00:57:27'),
(2094, 1, 88, '2025-05-21 00:58:39'),
(2095, 6, 88, '2025-05-21 01:00:35'),
(2096, 2, 104, '2025-05-21 01:00:54'),
(2097, 6, 60, '2025-05-21 01:02:15'),
(2098, 1, 70, '2025-05-21 01:02:50'),
(2099, 4, 80, '2025-05-21 01:07:43'),
(2100, 1, 126, '2025-05-21 01:08:32'),
(2101, 1, 105, '2025-05-21 01:08:42'),
(2102, 3, 120, '2025-05-21 01:11:22'),
(2103, 6, 92, '2025-05-21 01:13:26'),
(2104, 6, 168, '2025-05-21 01:13:44'),
(2105, 7, 100, '2025-05-21 01:15:51'),
(2106, 6, 148, '2025-05-21 01:18:51'),
(2107, 7, 36, '2025-05-21 01:19:28'),
(2108, 1, 109, '2025-05-21 01:24:42'),
(2109, 1, 154, '2025-05-21 01:24:46'),
(2110, 2, 48, '2025-05-21 01:25:04'),
(2111, 1, 18, '2025-05-21 01:25:43'),
(2112, 1, 95, '2025-05-21 01:28:04'),
(2113, 6, 56, '2025-05-21 01:30:57'),
(2114, 2, 148, '2025-05-21 01:37:48'),
(2115, 1, 63, '2025-05-21 01:38:40'),
(2116, 6, 128, '2025-05-21 01:41:18'),
(2117, 6, 180, '2025-05-21 01:41:51'),
(2118, 6, 20, '2025-05-21 01:41:53'),
(2119, 6, 148, '2025-05-21 01:42:21'),
(2120, 6, 120, '2025-05-21 01:42:27'),
(2121, 1, 88, '2025-05-21 01:45:23'),
(2122, 2, 104, '2025-05-21 01:48:30'),
(2123, 6, 176, '2025-05-21 01:55:57'),
(2124, 1, 109, '2025-05-21 01:56:35'),
(2125, 1, 186, '2025-05-21 01:58:51'),
(2126, 6, 84, '2025-05-21 01:59:42'),
(2127, 6, 112, '2025-05-21 01:59:54'),
(2128, 1, 168, '2025-05-21 02:00:13'),
(2129, 1, 158, '2025-05-21 02:00:43'),
(2130, 2, 156, '2025-05-21 02:00:57'),
(2131, 4, 112, '2025-05-21 02:01:15'),
(2132, 6, 132, '2025-05-21 02:06:54'),
(2133, 1, 112, '2025-05-21 02:07:44'),
(2134, 6, 100, '2025-05-21 02:08:08'),
(2135, 6, 180, '2025-05-21 02:08:58'),
(2136, 1, 102, '2025-05-21 02:13:45'),
(2137, 4, 48, '2025-05-21 02:15:24'),
(2138, 6, 48, '2025-05-21 02:15:39'),
(2139, 6, 124, '2025-05-21 02:18:14'),
(2140, 6, 72, '2025-05-21 02:23:54'),
(2141, 4, 64, '2025-05-21 02:25:05'),
(2142, 6, 52, '2025-05-21 02:30:20'),
(2143, 2, 136, '2025-05-21 02:32:27'),
(2144, 7, 80, '2025-05-21 02:40:17'),
(2145, 1, 102, '2025-05-21 02:41:12'),
(2146, 4, 60, '2025-05-21 02:42:33'),
(2147, 2, 68, '2025-05-21 02:47:28'),
(2148, 2, 136, '2025-05-21 02:51:12'),
(2149, 6, 188, '2025-05-21 02:59:40'),
(2150, 6, 228, '2025-05-21 03:05:00'),
(2151, 1, 74, '2025-05-21 03:05:06'),
(2152, 1, 109, '2025-05-21 03:05:15'),
(2153, 6, 172, '2025-05-21 03:06:05'),
(2154, 4, 44, '2025-05-21 03:08:42'),
(2155, 6, 84, '2025-05-21 03:13:10'),
(2156, 4, 160, '2025-05-21 03:15:39'),
(2157, 1, 95, '2025-05-21 03:18:58'),
(2158, 1, 105, '2025-05-21 03:22:39'),
(2159, 6, 180, '2025-05-21 03:24:20'),
(2160, 6, 124, '2025-05-21 03:26:47'),
(2161, 2, 100, '2025-05-21 03:37:10'),
(2162, 6, 124, '2025-05-21 03:38:57'),
(2163, 2, 80, '2025-05-21 03:40:05'),
(2164, 6, 88, '2025-05-21 03:46:46'),
(2165, 6, 112, '2025-05-21 03:48:37'),
(2166, 1, 130, '2025-05-21 03:57:26'),
(2167, 1, 56, '2025-05-21 04:08:51'),
(2168, 1, 70, '2025-05-21 04:20:16'),
(2169, 1, 84, '2025-05-21 04:57:01'),
(2170, 1, 95, '2025-05-21 05:01:37'),
(2171, 1, 77, '2025-05-21 05:13:24'),
(2172, 4, 212, '2025-05-21 05:29:44'),
(2173, 4, 220, '2025-05-21 05:37:49'),
(2174, 1, 81, '2025-05-21 05:39:40'),
(2175, 7, 92, '2025-05-21 05:40:23'),
(2176, 6, 80, '2025-05-21 05:52:13'),
(2177, 7, 136, '2025-05-21 05:52:27'),
(2178, 1, 102, '2025-05-21 06:06:45'),
(2179, 7, 84, '2025-05-21 06:55:46'),
(2180, 6, 120, '2025-05-21 07:36:00'),
(2181, 4, 124, '2025-05-21 07:37:35');

-- --------------------------------------------------------

--
-- Structure de la table `runs`
--

CREATE TABLE `runs` (
  `id` int NOT NULL,
  `company_id` int NOT NULL,
  `employee_id` int NOT NULL,
  `pump` varchar(25) CHARACTER SET utf8mb4 COLLATE utf8mb4_unicode_ci NOT NULL,
  `amount` int NOT NULL,
  `date` datetime NOT NULL DEFAULT CURRENT_TIMESTAMP
) ENGINE=InnoDB DEFAULT CHARSET=utf8mb4 COLLATE=utf8mb4_0900_ai_ci;

--
-- Déchargement des données de la table `runs`
--

INSERT INTO `runs` (`id`, `company_id`, `employee_id`, `pump`, `amount`, `date`) VALUES
(319, 1, 72, 'Little Seoul', 0, '2025-05-19 18:39:02'),
(320, 1, 72, 'Ocean Highway', 175, '2025-05-19 23:09:35'),
(321, 1, 144, 'Morningwood', 2637, '2025-05-20 14:07:50'),
(322, 1, 147, 'Ocean Highway', 2415, '2025-05-20 17:24:25'),
(323, 1, 142, 'Little Seoul', -347, '2025-05-20 18:56:34'),
(324, 1, 142, 'Marina', 2389, '2025-05-20 18:56:47'),
(325, 1, 142, 'Vespucci', 307, '2025-05-20 19:13:40'),
(326, 1, 142, 'Vespucci', 2788, '2025-05-20 21:28:20'),
(327, 1, 73, 'Innocence Boulevard', -285, '2025-05-21 11:51:08'),
(328, 1, 73, 'Vespucci', 495, '2025-05-21 11:52:02'),
(329, 1, 73, 'Ocean Highway', 474, '2025-05-21 11:53:13'),
(330, 1, 73, 'Richman Glen', -132, '2025-05-21 11:54:21'),
(331, 1, 73, 'Morningwood', -235, '2025-05-21 11:55:10'),
(332, 1, 73, 'Little Seoul', 6060, '2025-05-21 11:56:04'),
(333, 1, 142, 'Morningwood', 3150, '2025-05-21 13:59:02'),
(334, 1, 143, 'Morningwood', 3090, '2025-05-21 14:06:08'),
(335, 1, 142, 'Richman Glen', 2945, '2025-05-21 15:24:04');

-- --------------------------------------------------------

--
-- Structure de la table `Session`
--

CREATE TABLE `Session` (
  `id` varchar(191) CHARACTER SET utf8mb4 COLLATE utf8mb4_unicode_ci NOT NULL,
  `userId` varchar(191) CHARACTER SET utf8mb4 COLLATE utf8mb4_unicode_ci NOT NULL,
  `expiresAt` datetime(3) NOT NULL
) ENGINE=InnoDB DEFAULT CHARSET=utf8mb4 COLLATE=utf8mb4_unicode_ci;

--
-- Déchargement des données de la table `Session`
--

INSERT INTO `Session` (`id`, `userId`, `expiresAt`) VALUES
('4hizuliz34gc27qthrtmprlh33jignb4kpsm665p', 'cmarikpms0000qoj16s4w0pjk', '2025-06-21 20:05:26.771'),
('a7tbtvoiwqdfhbfvztvaazeuxs7fhtp7ahjavpem', 'cmarikpms0000qoj16s4w0pjk', '2025-07-05 14:13:25.061'),
('fcdsdrbblpyuioxoq2omvklwrye5uuu5qlgjea4s', 'cmarikpms0000qoj16s4w0pjk', '2025-06-20 18:20:33.594'),
('ge2inxmukiz377ssr6u47tziv7pzdsubm4lkuiov', 'cmarikpms0000qoj16s4w0pjk', '2025-07-05 22:02:56.776'),
('l6fgyry5ohu2g2onbofn3snjgzdai6xvb7gccoft', 'cmarikpms0000qoj16s4w0pjk', '2025-06-21 20:21:41.933'),
('q5nvpg2fazvnbliqp2nawk4nseqxsp6vokx3jjj5', 'cmarikpms0000qoj16s4w0pjk', '2025-06-24 20:50:48.633'),
('qy5meifigtcl2bux3glgkqhz7z2cawi6l3ign4ce', 'cmarikpms0000qoj16s4w0pjk', '2025-06-21 19:37:29.478'),
('ul26ojx5plvjlovrqesovvm64rjaeegm5mywzowb', 'cmarikpms0000qoj16s4w0pjk', '2025-07-03 23:15:47.844'),
('uudfjbj354yf2hybuhywapvks4jy73h2bzkrplyo', 'cmarikpms0000qoj16s4w0pjk', '2025-07-06 10:30:58.687');

-- --------------------------------------------------------

--
-- Structure de la table `specialities`
--

CREATE TABLE `specialities` (
  `id` int NOT NULL,
  `company_id` int NOT NULL,
  `name` varchar(50) CHARACTER SET utf8mb4 COLLATE utf8mb4_general_ci NOT NULL
) ENGINE=InnoDB DEFAULT CHARSET=utf8mb4 COLLATE=utf8mb4_general_ci;

--
-- Déchargement des données de la table `specialities`
--

INSERT INTO `specialities` (`id`, `company_id`, `name`) VALUES
(1, 1, 'Livreur'),
(2, 1, 'Cuisinier'),
(4, 1, 'Logisticien'),
(5, 1, 'Formateur'),
(6, 1, 'Gestion de commandes'),
(7, 1, 'Evenementiel'),
(8, 1, 'Communication'),
(10, 1, 'Graphiste');

-- --------------------------------------------------------

--
-- Structure de la table `stock`
--

CREATE TABLE `stock` (
  `id` int NOT NULL,
  `company_id` int NOT NULL,
  `item_id` int DEFAULT NULL,
  `name` varchar(100) NOT NULL,
  `category` varchar(100) NOT NULL,
  `price` int NOT NULL DEFAULT '0',
  `cost` int NOT NULL DEFAULT '0',
  `amount_in` int NOT NULL DEFAULT '0',
  `amount_ext` int NOT NULL DEFAULT '0',
  `target` int NOT NULL DEFAULT '0',
  `promotion` int NOT NULL DEFAULT '0'
) ENGINE=InnoDB DEFAULT CHARSET=utf8mb4 COLLATE=utf8mb4_0900_ai_ci;

--
-- Déchargement des données de la table `stock`
--

INSERT INTO `stock` (`id`, `company_id`, `item_id`, `name`, `category`, `price`, `cost`, `amount_in`, `amount_ext`, `target`, `promotion`) VALUES
(55, 1, NULL, 'Pot de Fleur', 'Jardinage', 10, 0, 232, 1582, 1000, 0),
(56, 1, NULL, 'Fertilisant', 'Jardinage', 10, 0, 109, 1364, 1000, 0),
(57, 1, NULL, 'Lumière Violette', 'Jardinage', 18, 0, 116, 286, 1000, 0),
(58, 1, NULL, 'Tas de Terre', 'Jardinage', 14, 0, 141, 470, 500, 0),
(59, 1, NULL, 'Appat grande qualité', 'Pêche et chasse', 10, 0, 480, 3323, 3000, 0),
(60, 1, NULL, 'Croquette', 'Pêche et chasse', 25, 0, 92, 254, 0, 0),
(61, 1, NULL, 'Canne à pêche', 'Pêche et chasse', 60, 0, 2, 34, 100, 0),
(62, 1, NULL, 'Canne à pêche (noir)', 'Pêche et chasse', 60, 0, 2, 0, 100, 0),
(63, 1, NULL, 'Outils', 'Outillages', 5, 0, 41, 0, 50, 0),
(64, 1, NULL, 'Perceuse', 'Outillages', 10, 0, 60, 20, 100, 0),
(65, 1, NULL, 'Grosse Perceuse grise', 'Outillages', 13, 0, 78, 111, 200, 0),
(66, 1, NULL, 'Grosse Perceuse Rouge', 'Outillages', 13, 0, 31, 138, 200, 0),
(67, 1, NULL, 'Coupeurs', 'Outillages', 16, 0, 29, 18, 50, 0),
(68, 1, NULL, 'Pince pour plaque', 'Outillages', 22, 0, 6, 0, 50, 0),
(69, 1, NULL, 'Foret de perceuse', 'Outillages', 750, 0, 21, 100, 100, 0),
(70, 1, NULL, 'Colle', 'Quincaillerie', 3, 0, 165, 980, 0, 0),
(71, 1, NULL, 'Encre', 'Quincaillerie', 6, 0, 51, 0, 0, 0),
(72, 1, NULL, 'Bobine de Cuivre', 'Electricité', 3, 0, 62, 0, 0, 0),
(73, 1, NULL, 'Batterie', 'Electricité', 10, 0, 43, 255, 1000, 0),
(74, 1, NULL, 'Pile', 'Electricité', 3, 0, 49, 0, 0, 0),
(75, 1, NULL, 'Huile', 'Entretien Véhicule', 8, 0, 0, 0, 0, 0),
(76, 1, NULL, 'Huile shell', 'Entretien Véhicule', 16, 0, 7, 0, 0, 0),
(77, 1, NULL, 'Huile noir', 'Entretien Véhicule', 12, 0, 0, 0, 0, 0),
(78, 1, NULL, 'Batterie de voiture', 'Entretien Véhicule', 20, 0, 0, 0, 0, 0),
(79, 1, NULL, 'Table de travail', 'Meuble', 10, 0, 341, 295, 500, 0),
(80, 1, NULL, 'Porte feuille', 'Effets Personnels', 10, 0, 50, 0, 10, 0),
(81, 1, NULL, 'Porte Document', 'Effets Personnels', 10, 0, 50, 0, 10, 0),
(82, 1, NULL, 'Trousseau de clé', 'Effets Personnels', 95, 0, 50, 0, 10, 0),
(83, 1, NULL, 'SkateBoard', 'Divers & Activités', 95, 0, 16, 0, 50, 0),
(84, 1, NULL, 'Spray Pour tag', 'Divers & Activités', 1950, 0, 10, 0, 25, 0),
(85, 1, NULL, 'Ballon de football', 'Divers & Activités', 95, 0, 18, 0, 50, 0),
(86, 1, NULL, 'Ballon de Basket', 'Divers & Activités', 95, 0, 12, 0, 50, 0),
(87, 1, NULL, 'Ticket à gratter', 'Divers & Activités', 25, 0, 189, 0, 300, 0),
(88, 1, NULL, 'Papier à rouler', 'Divers & Activités', 2, 0, 20, 0, 25, 0),
(89, 1, NULL, 'Éponge', 'Divers & Activités', 1150, 0, 15, 0, 0, 0),
(98, 1, NULL, 'Cola zero sucre', 'Boissons & Menu', 3, 0, 20, 0, 0, 0),
(99, 1, NULL, 'Bouteille d\'eau', 'Boissons & Menu', 10, 0, 2077, 245, 0, 0),
(100, 1, NULL, 'Menu', 'Boissons & Menu', 100, 0, 3, 0, 0, 0),
(101, 1, NULL, 'Menu gourmand', 'Boissons & Menu', 130, 0, 74, 0, 100, 0);

-- --------------------------------------------------------

--
-- Structure de la table `stock_categories`
--

CREATE TABLE `stock_categories` (
  `id` int NOT NULL,
  `company_id` int NOT NULL,
  `name` varchar(100) NOT NULL
) ENGINE=InnoDB DEFAULT CHARSET=utf8mb4 COLLATE=utf8mb4_0900_ai_ci;

--
-- Déchargement des données de la table `stock_categories`
--

INSERT INTO `stock_categories` (`id`, `company_id`, `name`) VALUES
(3, 1, 'Jardinage'),
(4, 1, 'Pêche et chasse'),
(5, 1, 'Outillages'),
(6, 1, 'Quincaillerie'),
(7, 1, 'Electricité'),
(8, 1, 'Entretien Véhicule'),
(9, 1, 'Meuble'),
(10, 1, 'Divers & Activités'),
(12, 1, 'Boissons & Menu'),
(14, 1, 'Effets personnels');

-- --------------------------------------------------------

--
-- Structure de la table `User`
--

CREATE TABLE `User` (
  `id` varchar(191) CHARACTER SET utf8mb4 COLLATE utf8mb4_unicode_ci NOT NULL,
  `active_employee_id` int NOT NULL,
  `username` varchar(191) CHARACTER SET utf8mb4 COLLATE utf8mb4_unicode_ci NOT NULL,
  `hashedPassword` varchar(191) CHARACTER SET utf8mb4 COLLATE utf8mb4_unicode_ci NOT NULL,
  `discord_avatar_hash` varchar(200) CHARACTER SET utf8mb4 COLLATE utf8mb4_unicode_ci DEFAULT NULL,
  `discord_user_id` varchar(21) CHARACTER SET utf8mb4 COLLATE utf8mb4_unicode_ci DEFAULT NULL
) ENGINE=InnoDB DEFAULT CHARSET=utf8mb4 COLLATE=utf8mb4_unicode_ci;

--
-- Déchargement des données de la table `User`
--

INSERT INTO `User` (`id`, `active_employee_id`, `username`, `hashedPassword`, `discord_avatar_hash`, `discord_user_id`) VALUES
('cmarikpms0000qoj16s4w0pjk', 155, 'demo', '$2b$10$Mff52yQImjOZJdijWFnUHuC0FNLGT8elKaF.tRYSkcFFeMNx.qx3K', 'e24662d25e7ad4c0658c5bfb282859f3', '683269450086219777'),
('fmarikpms0000qoj16s4w0pjo', 62, 'demo2', '$2b$10$dsj9xNU7KIAZNO7bFgp2i.6tmH./wuY979elDw9zPFAt0jQCAleKy', 'b416af9626508466b27a8d853ff8f83b', '353192879092531202');

--
-- Index pour les tables déchargées
--

--
-- Index pour la table `bills`
--
ALTER TABLE `bills`
  ADD PRIMARY KEY (`id`),
  ADD KEY `bills_employee_id` (`employee_id`),
  ADD KEY `bills_company_id` (`company_id`);

--
-- Index pour la table `companies`
--
ALTER TABLE `companies`
  ADD PRIMARY KEY (`id`),
  ADD KEY `companies_type` (`type`),
  ADD KEY `companies_eotw` (`eotw`);

--
-- Index pour la table `companies_types`
--
ALTER TABLE `companies_types`
  ADD PRIMARY KEY (`id`),
  ADD UNIQUE KEY `name_2` (`name`),
  ADD KEY `name` (`name`);

--
-- Index pour la table `employees`
--
ALTER TABLE `employees`
  ADD PRIMARY KEY (`id`),
  ADD KEY `grade` (`grade`),
  ADD KEY `character_id` (`character_id`),
  ADD KEY `employees_company_id` (`company_id`);

--
-- Index pour la table `employees_specialities`
--
ALTER TABLE `employees_specialities`
  ADD PRIMARY KEY (`id`),
  ADD KEY `employee_id` (`employee_id`),
  ADD KEY `speciality` (`speciality`);

--
-- Index pour la table `events`
--
ALTER TABLE `events`
  ADD PRIMARY KEY (`id`),
  ADD KEY `events_company_id` (`company_id`);

--
-- Index pour la table `exports`
--
ALTER TABLE `exports`
  ADD PRIMARY KEY (`id`),
  ADD KEY `exports_employee_id` (`employee_id`),
  ADD KEY `exports_company_id` (`company_id`);

--
-- Index pour la table `garage`
--
ALTER TABLE `garage`
  ADD PRIMARY KEY (`id`),
  ADD UNIQUE KEY `vehicle_id` (`vehicle_id`),
  ADD KEY `garage_character_id` (`employee_id`),
  ADD KEY `garage_company_id` (`company_id`);

--
-- Index pour la table `grades`
--
ALTER TABLE `grades`
  ADD PRIMARY KEY (`id`),
  ADD UNIQUE KEY `name_2` (`name`),
  ADD KEY `name` (`name`),
  ADD KEY `grades_company_id` (`company_id`);

--
-- Index pour la table `grades_permissions`
--
ALTER TABLE `grades_permissions`
  ADD PRIMARY KEY (`id`),
  ADD KEY `grades_permissions_grade_id` (`grade_id`),
  ADD KEY `grades_permissions_permission` (`permission`);

--
-- Index pour la table `notifications`
--
ALTER TABLE `notifications`
  ADD PRIMARY KEY (`id`),
  ADD KEY `notifications_company_id` (`company_id`);

--
-- Index pour la table `notifications_reads`
--
ALTER TABLE `notifications_reads`
  ADD PRIMARY KEY (`id`),
  ADD KEY `notifications_reads.notification_id` (`notification_id`),
  ADD KEY `notifications_reads.employee_id` (`employee_id`);

--
-- Index pour la table `pawnshop_buyback_items`
--
ALTER TABLE `pawnshop_buyback_items`
  ADD PRIMARY KEY (`id`);

--
-- Index pour la table `payments`
--
ALTER TABLE `payments`
  ADD PRIMARY KEY (`id`),
  ADD KEY `payments_company_id` (`company_id`);

--
-- Index pour la table `permissions`
--
ALTER TABLE `permissions`
  ADD PRIMARY KEY (`id`),
  ADD UNIQUE KEY `name` (`name`),
  ADD KEY `name_2` (`name`);

--
-- Index pour la table `pumps`
--
ALTER TABLE `pumps`
  ADD PRIMARY KEY (`id`),
  ADD UNIQUE KEY `label_2` (`label`),
  ADD KEY `label` (`label`),
  ADD KEY `pumps_company_id` (`company_id`);

--
-- Index pour la table `pumps_incomes`
--
ALTER TABLE `pumps_incomes`
  ADD PRIMARY KEY (`id`),
  ADD KEY `pumps_incomes.pump_id` (`pump_id`);

--
-- Index pour la table `runs`
--
ALTER TABLE `runs`
  ADD PRIMARY KEY (`id`),
  ADD KEY `employee_id` (`employee_id`),
  ADD KEY `pump` (`pump`),
  ADD KEY `runs_company_id` (`company_id`);

--
-- Index pour la table `Session`
--
ALTER TABLE `Session`
  ADD PRIMARY KEY (`id`),
  ADD KEY `Session_userId_idx` (`userId`);

--
-- Index pour la table `specialities`
--
ALTER TABLE `specialities`
  ADD PRIMARY KEY (`id`),
  ADD UNIQUE KEY `name_2` (`name`),
  ADD KEY `name` (`name`),
  ADD KEY `specialities_company_id` (`company_id`);

--
-- Index pour la table `stock`
--
ALTER TABLE `stock`
  ADD PRIMARY KEY (`id`),
  ADD KEY `category` (`category`),
  ADD KEY `stock_company_id` (`company_id`);

--
-- Index pour la table `stock_categories`
--
ALTER TABLE `stock_categories`
  ADD PRIMARY KEY (`id`),
  ADD UNIQUE KEY `name_2` (`name`),
  ADD KEY `name` (`name`),
  ADD KEY `stock_categories_company_id` (`company_id`);

--
-- Index pour la table `User`
--
ALTER TABLE `User`
  ADD PRIMARY KEY (`id`),
  ADD UNIQUE KEY `User_username_key` (`username`),
  ADD UNIQUE KEY `User_discord_user_id_key` (`discord_user_id`),
  ADD KEY `User_active_employee_id` (`active_employee_id`);

--
-- AUTO_INCREMENT pour les tables déchargées
--

--
-- AUTO_INCREMENT pour la table `bills`
--
ALTER TABLE `bills`
  MODIFY `id` int NOT NULL AUTO_INCREMENT, AUTO_INCREMENT=421;

--
-- AUTO_INCREMENT pour la table `companies`
--
ALTER TABLE `companies`
  MODIFY `id` int NOT NULL AUTO_INCREMENT, AUTO_INCREMENT=4;

--
-- AUTO_INCREMENT pour la table `companies_types`
--
ALTER TABLE `companies_types`
  MODIFY `id` int NOT NULL AUTO_INCREMENT, AUTO_INCREMENT=13;

--
-- AUTO_INCREMENT pour la table `employees`
--
ALTER TABLE `employees`
  MODIFY `id` int NOT NULL AUTO_INCREMENT, AUTO_INCREMENT=156;

--
-- AUTO_INCREMENT pour la table `employees_specialities`
--
ALTER TABLE `employees_specialities`
  MODIFY `id` int NOT NULL AUTO_INCREMENT, AUTO_INCREMENT=139;

--
-- AUTO_INCREMENT pour la table `events`
--
ALTER TABLE `events`
  MODIFY `id` int NOT NULL AUTO_INCREMENT, AUTO_INCREMENT=5;

--
-- AUTO_INCREMENT pour la table `exports`
--
ALTER TABLE `exports`
  MODIFY `id` int NOT NULL AUTO_INCREMENT, AUTO_INCREMENT=3;

--
-- AUTO_INCREMENT pour la table `garage`
--
ALTER TABLE `garage`
  MODIFY `id` int NOT NULL AUTO_INCREMENT, AUTO_INCREMENT=18;

--
-- AUTO_INCREMENT pour la table `grades`
--
ALTER TABLE `grades`
  MODIFY `id` int NOT NULL AUTO_INCREMENT, AUTO_INCREMENT=22;

--
-- AUTO_INCREMENT pour la table `grades_permissions`
--
ALTER TABLE `grades_permissions`
  MODIFY `id` int NOT NULL AUTO_INCREMENT;

--
-- AUTO_INCREMENT pour la table `notifications`
--
ALTER TABLE `notifications`
  MODIFY `id` int NOT NULL AUTO_INCREMENT, AUTO_INCREMENT=3;

--
-- AUTO_INCREMENT pour la table `notifications_reads`
--
ALTER TABLE `notifications_reads`
  MODIFY `id` int NOT NULL AUTO_INCREMENT, AUTO_INCREMENT=7;

--
-- AUTO_INCREMENT pour la table `pawnshop_buyback_items`
--
ALTER TABLE `pawnshop_buyback_items`
  MODIFY `id` int NOT NULL AUTO_INCREMENT, AUTO_INCREMENT=23;

--
-- AUTO_INCREMENT pour la table `payments`
--
ALTER TABLE `payments`
  MODIFY `id` int NOT NULL AUTO_INCREMENT, AUTO_INCREMENT=72;

--
-- AUTO_INCREMENT pour la table `permissions`
--
ALTER TABLE `permissions`
  MODIFY `id` int NOT NULL AUTO_INCREMENT, AUTO_INCREMENT=3;

--
-- AUTO_INCREMENT pour la table `pumps`
--
ALTER TABLE `pumps`
  MODIFY `id` int NOT NULL AUTO_INCREMENT, AUTO_INCREMENT=8;

--
-- AUTO_INCREMENT pour la table `pumps_incomes`
--
ALTER TABLE `pumps_incomes`
  MODIFY `id` int NOT NULL AUTO_INCREMENT, AUTO_INCREMENT=2182;

--
-- AUTO_INCREMENT pour la table `runs`
--
ALTER TABLE `runs`
  MODIFY `id` int NOT NULL AUTO_INCREMENT, AUTO_INCREMENT=336;

--
-- AUTO_INCREMENT pour la table `specialities`
--
ALTER TABLE `specialities`
  MODIFY `id` int NOT NULL AUTO_INCREMENT, AUTO_INCREMENT=11;

--
-- AUTO_INCREMENT pour la table `stock`
--
ALTER TABLE `stock`
  MODIFY `id` int NOT NULL AUTO_INCREMENT, AUTO_INCREMENT=114;

--
-- AUTO_INCREMENT pour la table `stock_categories`
--
ALTER TABLE `stock_categories`
  MODIFY `id` int NOT NULL AUTO_INCREMENT, AUTO_INCREMENT=15;

--
-- Contraintes pour les tables déchargées
--

--
-- Contraintes pour la table `bills`
--
ALTER TABLE `bills`
  ADD CONSTRAINT `bills_company_id` FOREIGN KEY (`company_id`) REFERENCES `companies` (`id`) ON DELETE CASCADE ON UPDATE CASCADE,
  ADD CONSTRAINT `bills_employee_id` FOREIGN KEY (`employee_id`) REFERENCES `employees` (`id`) ON DELETE SET NULL ON UPDATE CASCADE;

--
-- Contraintes pour la table `companies`
--
ALTER TABLE `companies`
  ADD CONSTRAINT `companies_eotw` FOREIGN KEY (`eotw`) REFERENCES `employees` (`id`) ON DELETE SET NULL ON UPDATE CASCADE,
  ADD CONSTRAINT `companies_type` FOREIGN KEY (`type`) REFERENCES `companies_types` (`name`) ON DELETE RESTRICT ON UPDATE CASCADE;

--
-- Contraintes pour la table `employees`
--
ALTER TABLE `employees`
  ADD CONSTRAINT `employees_company_id` FOREIGN KEY (`company_id`) REFERENCES `companies` (`id`) ON DELETE CASCADE ON UPDATE CASCADE,
  ADD CONSTRAINT `employees_ibfk_1` FOREIGN KEY (`grade`) REFERENCES `grades` (`name`) ON DELETE CASCADE ON UPDATE CASCADE;

--
-- Contraintes pour la table `employees_specialities`
--
ALTER TABLE `employees_specialities`
  ADD CONSTRAINT `employees_specialities_ibfk_1` FOREIGN KEY (`employee_id`) REFERENCES `employees` (`id`) ON DELETE CASCADE ON UPDATE CASCADE,
  ADD CONSTRAINT `employees_specialities_ibfk_2` FOREIGN KEY (`speciality`) REFERENCES `specialities` (`name`) ON DELETE CASCADE ON UPDATE CASCADE;

--
-- Contraintes pour la table `events`
--
ALTER TABLE `events`
  ADD CONSTRAINT `events_company_id` FOREIGN KEY (`company_id`) REFERENCES `companies` (`id`) ON DELETE CASCADE ON UPDATE CASCADE;

--
-- Contraintes pour la table `exports`
--
ALTER TABLE `exports`
  ADD CONSTRAINT `exports_company_id` FOREIGN KEY (`company_id`) REFERENCES `companies` (`id`) ON DELETE CASCADE ON UPDATE CASCADE,
  ADD CONSTRAINT `exports_employee_id` FOREIGN KEY (`employee_id`) REFERENCES `employees` (`id`) ON DELETE SET NULL ON UPDATE CASCADE;

--
-- Contraintes pour la table `garage`
--
ALTER TABLE `garage`
  ADD CONSTRAINT `garage_company_id` FOREIGN KEY (`company_id`) REFERENCES `companies` (`id`) ON DELETE CASCADE ON UPDATE CASCADE,
  ADD CONSTRAINT `garage_employee_id` FOREIGN KEY (`employee_id`) REFERENCES `employees` (`id`) ON DELETE SET NULL ON UPDATE CASCADE;

--
-- Contraintes pour la table `grades`
--
ALTER TABLE `grades`
  ADD CONSTRAINT `grades_company_id` FOREIGN KEY (`company_id`) REFERENCES `companies` (`id`) ON DELETE CASCADE ON UPDATE CASCADE;

--
-- Contraintes pour la table `grades_permissions`
--
ALTER TABLE `grades_permissions`
  ADD CONSTRAINT `grades_permissions_grade_id` FOREIGN KEY (`grade_id`) REFERENCES `grades` (`id`) ON DELETE CASCADE ON UPDATE CASCADE,
  ADD CONSTRAINT `grades_permissions_permission` FOREIGN KEY (`permission`) REFERENCES `permissions` (`id`) ON DELETE CASCADE ON UPDATE CASCADE;

--
-- Contraintes pour la table `notifications`
--
ALTER TABLE `notifications`
  ADD CONSTRAINT `notifications_company_id` FOREIGN KEY (`company_id`) REFERENCES `companies` (`id`) ON DELETE CASCADE ON UPDATE CASCADE;

--
-- Contraintes pour la table `notifications_reads`
--
ALTER TABLE `notifications_reads`
  ADD CONSTRAINT `notifications_reads.employee_id` FOREIGN KEY (`employee_id`) REFERENCES `employees` (`id`) ON DELETE CASCADE ON UPDATE CASCADE,
  ADD CONSTRAINT `notifications_reads.notification_id` FOREIGN KEY (`notification_id`) REFERENCES `notifications` (`id`) ON DELETE CASCADE ON UPDATE CASCADE;

--
-- Contraintes pour la table `payments`
--
ALTER TABLE `payments`
  ADD CONSTRAINT `payments_company_id` FOREIGN KEY (`company_id`) REFERENCES `companies` (`id`) ON DELETE CASCADE ON UPDATE CASCADE;

--
-- Contraintes pour la table `pumps`
--
ALTER TABLE `pumps`
  ADD CONSTRAINT `pumps_company_id` FOREIGN KEY (`company_id`) REFERENCES `companies` (`id`) ON DELETE CASCADE ON UPDATE CASCADE;

--
-- Contraintes pour la table `pumps_incomes`
--
ALTER TABLE `pumps_incomes`
  ADD CONSTRAINT `pumps_incomes.pump_id` FOREIGN KEY (`pump_id`) REFERENCES `pumps` (`id`) ON DELETE RESTRICT ON UPDATE CASCADE;

--
-- Contraintes pour la table `runs`
--
ALTER TABLE `runs`
  ADD CONSTRAINT `runs_company_id` FOREIGN KEY (`company_id`) REFERENCES `companies` (`id`) ON DELETE CASCADE ON UPDATE CASCADE,
  ADD CONSTRAINT `runs_ibfk_1` FOREIGN KEY (`employee_id`) REFERENCES `employees` (`id`) ON DELETE CASCADE ON UPDATE CASCADE,
  ADD CONSTRAINT `runs_ibfk_2` FOREIGN KEY (`pump`) REFERENCES `pumps` (`label`) ON DELETE CASCADE ON UPDATE CASCADE;

--
-- Contraintes pour la table `Session`
--
ALTER TABLE `Session`
  ADD CONSTRAINT `Session_userId_fkey` FOREIGN KEY (`userId`) REFERENCES `User` (`id`) ON DELETE CASCADE ON UPDATE CASCADE;

--
-- Contraintes pour la table `specialities`
--
ALTER TABLE `specialities`
  ADD CONSTRAINT `specialities_company_id` FOREIGN KEY (`company_id`) REFERENCES `companies` (`id`) ON DELETE CASCADE ON UPDATE CASCADE;

--
-- Contraintes pour la table `stock`
--
ALTER TABLE `stock`
  ADD CONSTRAINT `stock_company_id` FOREIGN KEY (`company_id`) REFERENCES `companies` (`id`) ON DELETE CASCADE ON UPDATE CASCADE,
  ADD CONSTRAINT `stock_ibfk_1` FOREIGN KEY (`category`) REFERENCES `stock_categories` (`name`) ON DELETE CASCADE ON UPDATE CASCADE;

--
-- Contraintes pour la table `stock_categories`
--
ALTER TABLE `stock_categories`
  ADD CONSTRAINT `stock_categories_company_id` FOREIGN KEY (`company_id`) REFERENCES `companies` (`id`) ON DELETE CASCADE ON UPDATE CASCADE;

--
-- Contraintes pour la table `User`
--
ALTER TABLE `User`
  ADD CONSTRAINT `User_active_employee_id` FOREIGN KEY (`active_employee_id`) REFERENCES `employees` (`id`) ON DELETE RESTRICT ON UPDATE CASCADE;
COMMIT;

/*!40101 SET CHARACTER_SET_CLIENT=@OLD_CHARACTER_SET_CLIENT */;
/*!40101 SET CHARACTER_SET_RESULTS=@OLD_CHARACTER_SET_RESULTS */;
/*!40101 SET COLLATION_CONNECTION=@OLD_COLLATION_CONNECTION */;
